country,Population2000,Population2010,Population2020,Population2030,UrbanPopulation_10YearLag2000,UrbanPopulation_10YearLag2010,UrbanPopulation_10YearLag2020,UrbanPopulation_10YearLag2030,UrbanPopulation_20YearLag2000,UrbanPopulation_20YearLag2010,UrbanPopulation_20YearLag2020,UrbanPopulation_20YearLag2030,UrbanPopulation2000,UrbanPopulation2010,UrbanPopulation2020,UrbanPopulation2030
Montenegro,832211,828914,827037,816873,13979,32191,15543,13197,52618,43725,49296,28946,540376,533033,521879,502957
Serbia,13595504,13158575,12581709,11873924,222542,301618,198716,84256,460971,513079,496362,255622,7375520,7173319,7010287,6593703
South Sudan,6191402,9834222,10678497,12620717,327893,1366147,1528889,1088972,648342,1856881,3540928,3182672,2319196,4685632,6060731,8544457
Sudan,27223234,34945892,46026304,59006253,2067511,2241231,3950232,2325199,3628656,5057726,7530255,7128945,18403890,24367378,31173574,40528696
Taiwan,23993878,24983909,25809154,26063889,532054,318397,134824,166266,1438659,909809,457583,268933,20118901,21029813,21767076,22090084
Cocos (Keeling) Islands,568,557,517,470,0,0,0,0,0,0,0,0,0,0,0,0
Christmas Island,1336,2098,3068,4168,0,0,0,0,0,0,0,0,0,0,0,0
Ashmore and Cartier Islands,0,0,0,0,0,0,0,0,0,0,0,0,0,0,0,0
Faroe Islands,93305,98826,106939,111280,0,0,0,7464,0,0,0,7464,25594,26268,27695,36556
Mayotte,165444,219897,316736,421233,51416,14878,24529,30377,78485,82316,47358,61573,118455,166487,240878,353340
Réunion,838723,949740,1022092,1101993,123673,125095,42456,17201,196508,248194,186980,60690,516369,633722,703705,761238
Tromelin Island,0,0,0,0,0,0,0,0,0,0,0,0,0,0,0,0
Juan de Nova Island,0,0,0,0,0,0,0,0,0,0,0,0,0,0,0,0
Glorioso Island,0,0,0,0,0,0,0,0,0,0,0,0,0,0,0,0
Europa Island,0,0,0,0,0,0,0,0,0,0,0,0,0,0,0,0
Bassas da India,0,0,0,0,0,0,0,0,0,0,0,0,0,0,0,0
Saint Pierre et Miquelon,8595,8266,8122,7810,0,0,0,0,0,0,0,0,0,0,0,0
French Southern and Antarctic Territories,0,0,0,0,0,0,0,0,0,0,0,0,0,0,0,0
Denmark,9309182,9684749,10172125,10667366,125209,151254,128446,103228,229131,255355,277213,217736,4618197,4917683,5353555,5722057
The former Yugoslav Republic of Macedonia,2733474,2808025,2831259,2777764,21315,85596,53071,23645,67857,103325,146781,35898,1562175,1643879,1666809,1605243
Croatia,6351870,6099213,5716958,5373260,57438,108062,46699,31043,100704,159768,153038,59420,2781528,2717344,2539397,2338633
Malta,489376,512805,628649,662366,17501,2234,45537,3886,47099,21761,46524,53521,399396,411472,542502,563689
San Marino,34423,40398,43396,42972,0,2237,0,0,0,0,2285,0,15404,19748,20681,19509
Slovenia,2843495,2945354,3028839,3010014,26102,46025,20496,16046,48713,69102,68255,35776,1007287,1056399,1099774,1100738
Greece,13524352,13515090,12868508,12304113,234530,89779,26535,69422,474456,302025,100840,74303,8201210,8163095,7698883,7370663
Italy,77339105,81306103,81001334,78418329,845800,1991862,1109262,500566,1396265,2775485,2694283,1434604,46431517,49476222,49812635,48487345
Portugal,12718771,13067094,12708135,12417713,227981,167019,126166,99445,327162,398380,217712,196697,6469457,6745694,6780424,6769455
Spain,52167181,59537604,60556668,60175625,1587721,2103534,943789,377009,2156611,3921796,2691306,1269870,34067999,39282041,41297477,41114598
Bosnia and Herzegovina,5827738,5315013,4629314,4341399,58744,82259,116483,56376,103101,131293,173750,163806,2226413,1996889,1736454,1604639
Andorra,87637,95105,103484,108220,7434,0,0,2049,7434,9379,0,2049,47743,47473,47086,43801
Albania,4217369,3861347,3799624,3697570,182420,119185,135094,77364,412641,343233,267169,225936,1888293,1935124,2199249,2390065
Monaco,11410,12453,12161,12611,0,2227,0,0,0,2227,2128,0,6912,9842,9588,10028
Netherlands,25704230,26859525,28180276,29006171,1376860,825296,419690,248909,1982514,2349293,1403538,627195,18134230,19099447,20213495,20736013
Luxembourg,678727,789146,979656,1083079,21265,91845,53555,19525,31982,112978,161013,76041,247037,366851,499006,556017
Liechtenstein,47306,51376,55371,58884,0,0,0,0,0,0,0,0,24927,0,0,0
France,85799624,91264944,94207596,95744737,1499994,1650924,1513025,1299170,2713331,3106061,3216057,2681704,44462622,46542342,47480657,48308778
Germany,129334893,128908020,132031341,131103328,3107590,1847514,1600784,1055130,4751717,4419784,3348034,2265754,72414148,71905942,74778380,73985671
Switzerland,10555289,11487156,12675372,13407408,367257,400463,441656,249447,476311,781846,857891,685667,5368122,6058706,6937783,7438500
Belgium,16249935,17220730,18301561,18794567,586522,457058,381968,293975,727260,970984,828965,613863,8129258,8762014,9441690,9799530
Austria,11928699,12453742,13266085,13485602,285667,217360,155558,129741,421819,511000,380928,245574,5177679,5651065,6280230,6580939
Australia,4479882,5218478,5913765,6428661,155580,220302,281320,143963,313380,402071,541543,452575,2890467,3454682,4097479,4603562
Palau,18325,17259,16980,17033,0,0,1146,0,0,0,829,1005,9741,7737,6375,5660
Canada,26183730,28978565,31677951,33923386,703918,761174,498418,332217,1514299,1495975,1341196,857928,17972444,20778284,23157836,25102693
Canada,3069395,3108029,3247042,3357154,56362,31591,74929,53059,133836,79203,105312,117596,832089,865517,966700,1056808
Canada,717659,722282,743685,750026,862,9884,6574,1889,7851,10086,15022,8530,202453,216717,228649,233154
Mozambique,18752894,24331230,32849489,43087778,1102913,1590968,1592040,1975518,1875965,3001121,3871143,3742805,8228361,10980480,14594099,20254185
Mauritius,1295921,1365737,1379505,1386427,46574,69020,6444,7171,115828,118263,76199,8877,912795,986090,984107,971206
Malawi,11622710,15220359,20029572,25779918,596840,1493968,1390869,1612384,1454485,1979956,2334843,2456734,2758224,4522192,5566228,7190749
Rwanda,8119069,10310142,13145020,16378222,495512,583779,493893,841525,1176599,887405,1105243,1379156,2451161,2700714,3435482,5016369
Somalia,8793767,12100599,16614480,22393280,473869,681499,941113,863193,1028021,1416743,2003985,1999437,6719294,9685174,13362650,18027081
Zambia,10176409,14179804,19459084,25376163,401212,760612,660232,559215,1077588,1317915,1659729,1345446,4213138,6472109,9249685,12599812
Kenya,30828430,41559917,52102221,63247149,2078592,2576885,2840361,1937444,4064210,4133160,5752039,5487444,10331624,13530535,19163526,27113662
Madagascar,17164390,23021128,29923736,37752714,911349,1453972,1786388,2038954,1673635,2479612,3571572,3967240,4316017,6936752,10829243,15801273
Seychelles,77942,89797,102321,107713,0,0,12842,6886,0,0,12842,21090,16418,17880,33344,43955
United Republic of Tanzania,34633402,45308607,61979011,82241917,2688701,2951463,4435705,5021415,4897005,5812471,7842859,9189588,11588301,17061808,26010370,37904342
Uganda,24097044,32437453,44498989,58485518,2146345,2553007,3517460,3151230,3248069,4335876,5418689,5651487,6596581,8972620,12473236,16732012
Zimbabwe,12497034,13559017,16541412,20246303,580873,294448,540485,233331,1468426,906352,886559,788165,4397745,4611014,4820412,5744957
Ethiopia,68066302,90494009,118679981,151159246,4146253,4501529,6934016,6813878,9185788,10052778,11862278,12001692,42012778,52439392,52741569,63073381
Eritrea,2472893,3238780,3653620,4400419,125664,143075,203226,220963,362486,308409,373126,447425,1767460,2211632,2123766,2496663
Djibouti,756409,936649,1109786,1269117,87003,23459,16663,20933,163428,135146,48884,40075,657672,820839,962613,1097166
Comoros,539422,659583,810582,965465,31019,25928,58999,61242,80246,63186,82524,105669,348321,451389,576902,695185
Burundi,6332675,9152063,12233008,15815287,421403,590549,510038,550046,747087,948257,805177,796150,2572615,3322954,3601701,4690769
Gabon,1264780,1702178,2276612,2755956,77933,94601,90245,73112,84215,211980,220423,179805,879461,1234956,1745769,2171161
Equatorial Guinea,677397,1084713,1589456,1987947,32867,202615,135267,22951,87872,267133,643495,192596,359800,684002,1379578,1738197
Chad,8382571,12062755,16918849,22867797,407520,598837,871320,1021171,869717,1216321,1714230,2102625,4079289,5888497,7869534,10930935
Sao Tome and Principe,144293,182929,218809,265037,9276,3341,7633,1708,12944,14888,11298,10593,92411,120476,157774,197183
Congo,3124247,4405393,5659892,7037028,233086,279095,343738,250616,367663,823151,738844,837200,2663029,3669672,4831956,6193952
Democratic Republic of the Congo,48821134,66728859,93411595,128437858,2539497,3793149,6046811,5389484,4848057,7456211,11638826,13230365,29065863,41688448,61478278,88912143
Cameroon,15130262,19935018,26570032,34165023,712367,943245,943674,917732,1630419,2038677,2487285,1997261,9756044,13469124,18121680,23796751
Central African Republic,3775746,4681372,5367708,7131465,228109,200978,169176,292734,294174,465104,395749,489226,1770431,2352457,2805942,4000046
Angola,16685004,23829027,34095266,45783719,823398,1379188,2069137,988655,1965579,2958661,4902035,3951765,10592472,15852494,24351162,33394959
Morocco,34141629,38806942,43848460,48069918,1167578,1530134,1031780,662993,2495979,2834838,2918483,1710025,22457098,26595498,31064774,34855773
Libya,6075384,7651289,7845431,8718331,491390,690013,375993,151893,964285,1309623,1052738,531618,3331973,4511037,4720499,5259833
Tunisia,12186763,13418036,14981843,16140900,809943,394254,438968,223489,1345506,1400332,941917,690564,6929669,7988975,9500940,10476165
Egypt,82076761,100359815,123590644,143730096,4447206,4140520,4716492,2316796,10434622,9982339,10594776,8334270,68832140,86457596,106620118,124976547
Algeria,37860477,44083698,53383935,61122016,2819810,2699835,2239362,1395246,5644607,6467261,5735268,3826260,22894221,28601347,36195229,42533363
Namibia,1950120,2253265,2671565,3129645,89181,45298,77478,52839,164675,147841,137871,151856,516799,712422,961765,1248126
Swaziland,1151222,1228687,1317356,1457406,87110,21720,15486,11661,186196,94187,30087,13258,279247,273109,224182,203630
Lesotho,2299497,2324102,2587892,2872117,89918,51494,94712,75978,236853,128590,143065,167810,628541,644235,745863,857450
South Africa,53284985,58950857,66931986,73606869,2403138,1673146,1458900,1222494,6539753,4082478,3242469,2691215,32579904,38448312,46241709,52791683
Botswana,1875357,2270651,2766838,3232127,244201,132600,98548,65203,348775,408779,264721,171803,1069596,1309413,1594591,1864138
Togo,4983089,6545128,8423471,10536069,467984,584726,342766,268944,898572,1363950,1217531,615296,2979037,4173852,5264527,6529873
Sierra Leone,4626146,6492359,8308604,10198533,144881,440516,328680,251448,269940,653081,906878,613977,2056295,3190509,4514384,5734875
Senegal,10013809,12925783,16953261,21785879,544418,635323,712030,665522,1014269,1363952,1636377,1426847,6360728,8409716,10921428,14031010
Nigeria,124557117,163033962,210942024,265836454,7579384,13513397,10450292,10561454,16374839,23552818,28710013,21874196,83321849,112798705,146039438,183883501
Niger,11964667,17117381,25011641,36188872,803901,1083487,1400181,2885023,1654371,2224196,2878942,4296198,5604349,8216073,11155746,16986968
Mauritania,2806416,3564099,4692107,6080252,361195,256135,203529,132162,618036,676640,588464,381079,1258193,1819791,2584890,3664734
Mali,11546444,15972241,21826349,29526915,546023,783862,1088145,1250863,957221,1565362,2132129,2614745,3923918,6207113,9382225,13887557
Liberia,2914748,4046187,5121930,6319822,138272,267991,122975,110785,148030,466734,479787,238519,1409199,2059118,2805266,3647696
Guinea-Bissau,1257163,1599563,2058411,2538068,44270,58703,66860,41226,110064,124720,153529,122701,547148,753699,1021618,1310114
Gambia,1489231,2014120,2680832,3399912,117498,165531,139671,77258,171297,359900,383973,249428,829690,1273096,1876603,2481426
Guinea,8474928,10436645,13424545,16896683,445628,585760,660397,436383,765842,1217138,1658156,1267356,3492646,4808818,6704190,9138403
Ghana,19884297,25861338,32530956,39183352,1758544,2127418,1219476,712383,3398729,4530091,4042702,2049257,12151217,17239403,22642249,27407788
Cape Verde,430199,492129,558631,618825,65766,30275,45471,9631,68645,97350,79251,70821,287018,337608,399297,450825
Côte d'Ivoire,16941272,21288935,27008109,34458072,1151871,1272589,1550695,1257986,2228281,2747656,3318403,3041704,9341424,12377424,16646518,21668184
Burkina Faso,12166870,16485915,22010187,28133462,974909,1191337,1146320,1047309,1787224,2616154,2761093,2331060,4819413,7207523,9713200,13012561
Benin,7053176,9514411,12734626,16505739,472009,932332,818895,620040,908976,1524287,2154505,1585221,3876626,5531031,7670088,9939309
Brazil,186340519,207854104,225495688,236690966,5882529,4993623,3299131,2104289,14486217,11484320,8723562,5477213,130190235,149609837,165634878,175264511
Turkmenistan,5879333,6777450,8037455,9045706,511363,404997,362071,290799,854142,919337,800913,656654,2972961,3654300,4517852,5311603
Uzbekistan,32816058,37642281,44073801,50342848,2439230,2190685,2452141,1962580,4869350,4749275,4873338,4517277,18791155,22413075,26988826,31392396
Tajikistan,8056048,9783535,12246436,14664634,580064,781019,871573,711392,1284957,1390110,1758030,1588755,4239073,5622742,7305678,9132745
Kyrgyzstan,6515565,7249169,8512148,9859926,247449,248059,318745,303526,622614,510418,605867,646003,3884543,4391264,5203242,6228027
Kazakhstan,22764721,24638246,27923593,30916930,941951,1752906,1239151,667592,1841778,2681233,3726056,2053263,12799601,15091892,18354792,20879477
Mongolia,3653295,4031029,4914548,5569122,124937,93978,130886,92178,333147,215370,254206,244514,1862301,2324599,3176877,3748131
Republic of Korea,56896194,59367631,63040714,62431056,2851772,2243846,1335809,404460,5294636,5902267,4044512,1679834,46413803,49031013,51997723,51313073
Dem People's Rep of Korea,29890454,31548436,32973377,33847987,438504,457892,991460,445475,1220397,945061,1416039,1391405,24360362,25551006,26128704,26466992
China,1509702566,1608452877,1698713172,1686651377,99324622,77691161,59108591,29642512,183776591,180676323,136884213,80213040,879020278,962596949,1035425652,1031761354
Myanmar,47564295,51546309,55747718,59477090,3231175,2180277,1963744,1450989,7898435,5833628,4175488,3215805,29415496,30876106,33086846,36065757
Cambodia,12372916,14623067,16653233,18336673,1453508,963326,1431567,1879643,2619833,2333295,2430505,4821769,4675233,5444905,6865632,9603243
Viet Nam,82391671,90982836,100407355,106500363,7797130,4830509,2965870,1993935,14957707,13251759,8024593,4699601,43279024,50272516,56909025,61073986
Lao People's Democratic Republic,5695174,6636744,7682207,8733030,297426,290530,330937,413618,494731,594437,608558,740719,974323,1300497,1616258,1920554
Malaysia,22621971,28335259,32782691,36236816,2920960,1550075,1117142,681554,4649269,5229602,2962278,1855602,14201692,18735827,22692016,25548281
Thailand,65308628,70683456,74053652,74708012,5010393,3067981,2275321,1978570,8173094,8368040,5149924,4037604,25640257,30559202,34654551,37502668
Brunei Darussalam,337229,400266,445845,478052,60020,44323,32341,15890,80505,114052,80363,50901,144885,203770,249974,272061
Philippines,76952121,93676039,111199716,128351710,5572742,5804694,6049161,6224133,10687036,11132058,11751746,12385618,42503493,53454470,66214906,80442632
Indonesia,212391051,241848078,269057902,288818575,9557503,7970480,5985424,5526264,22588803,18917390,14885016,11272894,137030280,158695843,177437250,190850448
Singapore,4008951,5104718,5838524,6171572,36430,5776,703,11645,66017,83982,7740,14228,3999829,5097543,5827888,6165350
Timor-Leste,884817,1096748,1309171,1504896,19183,36844,67144,20874,59497,52406,113803,72858,267519,356270,548419,676413
Maldives,240557,302625,423407,416126,4204,4841,5485,1083,18540,4841,13130,6853,92091,131200,218954,217800
Nepal,27649678,30574046,33028242,37294588,3008293,2890626,2477129,2525851,4161950,5322495,5121759,4992506,9776670,11475611,13804047,17715674
Pakistan,175108636,221053827,258744302,312503848,11773685,10680870,8736805,12603899,26130583,23369111,17769949,19927255,107066324,137422980,153025965,184785925
India,1139447807,1334454317,1501880268,1629138309,66160504,63902560,69496203,59544127,136833757,140091317,132063879,124860541,646302285,779187551,848249625,929540874
Iran  (Islamic Republic of),79115833,90882951,105176021,111966707,3556750,4552784,3074690,1312211,8690393,9191305,8885181,4433772,57926323,68564038,81698871,87164219
Sri Lanka,18875959,20778896,21837318,22304017,765039,929193,775468,300197,1942172,1580033,1534473,960960,8096362,9257147,9723875,10073697
Bhutan,723007,857967,934596,984023,38515,18364,20512,42334,47978,71268,39602,63154,218557,274039,280418,280274
Bangladesh,141072087,162058534,182782737,201329034,8665598,9531526,12661293,12294954,18544060,18830712,22965687,25688462,76169622,94116825,112476934,134448352
Afghanistan,23755401,34231732,47316798,61092584,3399671,3192048,4659915,4063225,3112414,6878606,8326605,9333588,13735834,21183709,32273966,45229174
Oman,2488839,3103543,4856708,5443927,74647,184772,641254,311832,511886,235511,852997,1023124,1178554,1527795,2932852,3566062
Kuwait,2188912,3331447,4929024,5162893,105293,124064,69070,25483,103117,275935,231664,97527,1958941,3091096,4596247,4807384
Lebanon,4864066,5620774,6385224,5316541,293250,262381,322253,92203,692753,535847,585968,229279,3031426,3608289,4167328,3224680
Qatar,707069,1881912,3040219,3146875,96530,218078,269345,25233,137659,453228,599141,282289,551728,1596873,2665465,2741714
Saudi Arabia,23395306,31963252,39147230,44041823,1882339,1886977,1885579,543811,4428271,4516953,4351552,2536862,16922296,24230472,30427406,34266081
Turkey,80745877,92258202,106119193,112137934,4246617,3094998,2884343,1402891,7153927,9010081,6995268,4437960,56231386,67930359,80433235,84525042
Yemen,19169026,25439612,33172617,40993951,1352026,1428028,2176111,1708253,2986895,3024363,3934783,4152905,12665975,17837811,24567403,31494994
Iraq,29576205,37573510,51180635,63559803,1793269,2588209,1880869,1363862,3266850,5224035,5816891,3561755,20552662,28165137,40232932,50881899
Jordan,5958224,8165763,12883487,14070655,618804,504649,522750,210762,1142104,1334116,1320601,783702,4566660,6604038,11054042,12126808
Syrian Arab Republic,19668175,26985463,25108577,36076993,1349855,1497257,297345,1887884,2447738,3353291,1462878,2005410,12578153,19074496,17181559,26181549
Israel,7049143,8450284,10112928,11707822,580486,368443,234312,175258,837391,1043445,737481,453213,5802053,7063068,8605654,10047067
Georgia,5728289,5150876,5054364,4908762,81322,47633,67153,36100,102677,95402,99309,93650,3122439,2843943,2779739,2742340
Cyprus,1157071,1378773,1510316,1599490,75596,77025,51321,23572,93393,166142,135258,78051,658397,800048,916811,984146
Bahrain,622161,1047756,1143865,1171415,62471,36775,23927,4293,120843,138806,36853,26756,569140,981800,1071816,1109613
Azerbaijan,10680265,12034164,13393537,13947609,496292,726922,420818,150471,878071,1317371,1341864,584280,6715945,7835823,9022411,9523488
Armenia,4156634,3864218,3678694,3618903,73814,27119,25834,28425,100859,90710,42427,45902,2705555,2479443,2294936,2282102
United Arab Emirates,3572390,9213591,10114852,10889416,746327,2087300,381986,99718,1166961,3779794,2378495,491849,2617049,7836871,8371847,8857394
"Moldova, Republic of",6245076,5400082,4528318,4656760,119642,46833,75020,52946,235796,130071,82139,88315,3241426,2570761,1965603,2022485
Hungary,15032070,14719482,14376731,14221758,179113,197501,217818,159615,281754,335751,398980,333608,7878700,7521400,7334159,7278894
Poland,62144228,62316965,62069534,62530585,954296,927179,588729,477505,1981820,1852682,1539736,1022925,30656322,29946348,29183534,29160915
Romania,31442538,29155922,27868708,27264892,284679,341940,399388,117713,488412,529862,681677,456875,14942763,13506801,12971050,12588436
Ukraine,74093328,69242867,66552340,58039642,841788,771449,420761,569483,1328965,1404693,1159534,713209,48410253,44756254,42499556,35857702
Belarus,17298948,16418053,16256325,15530923,384272,282938,193013,57333,515385,657538,444883,185990,10766550,10623702,11005560,10586599
Czech Republic,15859335,16218990,16325336,16300960,121877,267921,272604,221461,229591,370010,515600,456732,7662214,7617001,7587309,7555839
Slovakia,8119014,8150021,8241176,8386550,72831,86630,52680,126394,165132,136714,136817,150642,3688945,3552775,3447827,3527636
Bulgaria,10965911,10275731,9443327,8510726,89061,136210,64975,63914,191346,227059,206100,98660,5791874,5360171,4875403,4336435
Norway,8698947,9468522,10404475,11110325,347716,356717,301385,288973,498381,733493,716922,567124,3668016,4347311,4992984,5597830
Sweden,16880713,17816711,19663541,20851885,413377,403432,522744,318727,669028,840412,920645,850490,8517081,9312086,10768217,11621382
Lithuania,6302405,5492706,4933053,4473475,159038,73031,81398,20814,258473,167496,130586,80015,3140873,2571082,2276578,1938422
Latvia,4328319,3801870,3433613,3081026,4958,17562,40004,33938,17634,20244,55204,61737,2072148,1774464,1569760,1347176
Ireland,6198889,7445250,8141244,8671052,152562,380305,184443,72107,259527,578378,601907,273803,2850818,3507245,3930973,4243318
Iceland,620609,703269,810591,862925,67434,49267,28334,24637,75060,128818,93663,52383,368472,454642,552470,590086
U.K. of Great Britain and Northern Ireland,96504217,102873352,109874410,113323086,696540,1258400,1063964,584777,1440419,1931966,2356987,1600351,71108572,76976738,83541003,86954908
Finland,10756038,11134384,11464129,11536055,384463,317714,250969,158348,576417,689195,558638,382083,4001252,4331446,4651947,4624370
Estonia,2717611,2582888,2578845,2501981,41743,82526,76021,46451,71070,103213,168428,112008,1453370,1311534,1374181,1401517
Svalbard and Jan Mayen Islands,8272,10147,12726,15141,0,0,0,0,0,0,0,0,0,0,0,0
Madeira Islands,313556,317108,309883,305006,8295,1884,1857,1,41579,10680,3916,1984,167747,176244,171980,177255
Azores Islands,297367,308982,288714,271195,4691,1898,6489,0,5122,7147,0,6307,104857,104597,102653,88683
British Indian Ocean Territory,0,0,0,0,0,0,0,0,0,0,0,0,0,0,0,0
Guernsey,89363,91833,94934,98557,0,0,6761,0,3,0,6761,7006,30545,30927,38283,39698
Jersey,128988,143690,161816,177958,0,0,7142,7716,3951,0,7142,15595,69202,76770,93136,109488
Isle of Man,127301,141159,141584,144507,5593,2655,11234,0,5593,8946,13826,10468,63871,67372,75261,65137
Holy See,1595,1549,1508,1565,0,0,0,0,0,0,0,0,1595,1549,1508,1565
Greenland,76398,75849,74161,74939,3673,9471,0,0,3673,13367,11265,0,6584,16706,19128,20768
Western Sahara,290580,446403,599722,714278,6018,23141,22378,50266,75804,18294,62156,78188,212057,302867,444313,576743
Gaza Strip,1241716,1664050,2098861,2643205,64745,48408,47215,17279,163269,147656,112553,77005,1150863,1579709,2033532,2574662
West Bank,82883,100320,121487,148091,6315,4524,185,4877,13183,12372,6562,5215,71539,89093,107754,135946
West Bank,2438098,3015334,3785623,4683581,347623,175941,196774,143773,652326,608121,376891,355929,1716996,2201085,2920278,3671969
Gibraltar,26308,29373,30205,30197,0,0,0,0,0,0,0,0,26308,29373,30205,30197
Saint Helena,6360,5647,5772,5240,0,0,0,0,0,0,0,0,0,0,0,0
Macau,339408,435343,525186,593186,1220,4104,586,192,1628,5600,8303,600,336559,433796,524267,592179
Hong Kong,5804478,6252764,6633104,6672193,95353,31188,14613,31362,182431,142459,45871,41620,5693659,6145549,6513102,6555662
Abyei,11023,13882,29840,34175,0,4773,4756,2992,0,4773,9964,6644,0,4773,9964,12009
Ilemi triangle,14291,20462,25444,29628,0,0,0,0,0,0,0,0,0,0,0,0
Hala'ib triangle,4105,4694,5238,5465,0,0,0,0,0,0,0,0,0,0,0,0
Ma'tan al-Sarra,0,0,0,0,0,0,0,0,0,0,0,0,0,0,0,0
Paracel Islands,438,465,470,477,0,0,0,0,0,0,0,0,0,0,0,0
Senkaku Islands,0,0,0,0,0,0,0,0,0,0,0,0,0,0,0,0
Scarborough Reef,0,0,0,0,0,0,0,0,0,0,0,0,0,0,0,0
China/India,1157,1031,910,873,0,0,0,0,0,0,0,0,0,0,0,0
Aksai Chin,6891,6898,5708,5600,0,0,0,0,0,0,0,0,0,0,0,0
Spratly Islands,0,0,0,0,0,0,0,0,0,0,0,0,0,0,0,0
Jammu and Kashmir,16959080,20564179,23410055,26172230,1112625,1292784,1430562,1002080,2055013,2549773,2828497,2396429,7623592,9775908,11471406,12960496
Arunachal Pradesh,797005,1048602,1282147,1445922,33796,72194,64009,30411,63985,115655,152693,99976,199104,309100,416101,484777
Norfolk Island,3061,2827,2480,2136,0,0,0,0,0,0,0,0,0,0,0,0
Wallis and Futuna,14759,13190,11696,11268,0,0,0,0,0,0,0,0,0,0,0,0
French Polynesia,250864,282993,300493,323180,1125,15376,22839,6672,26116,16801,40982,31234,109608,137701,171337,179507
New Zealand,4929323,5551947,6451566,7005824,70309,155319,212488,117796,191076,166636,375551,331111,2931677,3454176,4285589,4773739
Australia,5955688,6926777,8468953,9491152,186910,365874,399669,148752,374958,609521,1123492,639886,4272418,5122499,6635768,7643662
Australia,12358197,14216159,16356878,17847329,662276,583049,617114,402412,1222738,1363487,1373863,1116013,7906023,9392275,11408104,12960368
Papua New Guinea,5204607,7190952,9289656,11118533,248669,497562,692980,820083,440582,770044,1127726,1515715,1140666,1899694,2921709,4071869
Vanuatu,193561,247342,314016,393536,7133,3519,4356,11570,14737,14170,7335,17271,34659,52128,66472,97899
Solomon Islands,416875,525177,672583,835649,8170,13627,12979,15078,19261,21266,30661,28931,56737,87626,134314,193799
Fiji,771558,841139,858693,922848,13282,11255,10120,1114,43698,22374,22387,12557,331579,338327,361801,405030
Marshall Islands,44995,44641,36081,37664,9115,0,835,4098,9115,9043,835,1111,20071,22282,16321,21305
Nauru,9805,9671,11600,12547,0,224,637,0,1264,224,912,0,8611,8589,10884,5540
Micronesia (Federated States of),103503,100015,104441,114885,453,218,0,7292,11554,0,242,7292,17205,16673,12227,20472
Kiribati,83837,102639,121009,142754,3945,3109,5086,5063,0,8919,9708,11878,28737,44216,68819,95650
Samoa,183326,193866,213955,247494,1989,14782,10214,12922,5564,17046,28812,25482,51290,64104,80047,104901
Tonga,106540,111861,109899,119355,143,1750,0,1362,1762,1908,1813,1362,54268,55399,56013,63703
Tuvalu,9018,9698,9843,10389,0,4463,463,0,0,4463,6722,570,0,4463,6722,8284
Canada,7858,7512,7964,8653,0,0,0,0,0,0,0,0,0,0,0,0
Canada,5643873,6360773,7210560,7905104,260613,179241,144741,158719,528160,460534,347741,308018,3862325,4576441,5310039,5955908
Canada,750794,798551,909357,1014788,44415,19435,60536,22182,51266,71022,83170,70584,222276,252080,345324,368999
Canada,6604855,7736267,9575972,10889240,371662,348643,391735,177820,869652,738075,802941,569368,3823188,4870067,6478790,7509588
Canada,1935495,2037259,2260024,2435641,25780,31930,25799,12482,56589,55082,61562,37985,1118733,1196398,1351470,1475753
Canada,32703,36577,41890,45644,0,0,0,0,0,0,0,0,0,0,0,0
Canada,37386,40821,46096,49598,13057,0,0,0,13057,14722,0,0,13057,14722,12273,13608
United States of America,89794511,102457542,113574544,120563400,7076406,4769454,4398859,2604203,12572273,12795322,9531215,6946577,58414105,69649338,81442628,88413599
United States of America,122826126,132658150,140544171,146377507,5826085,4505616,4722446,4271992,8587635,10163833,8966244,8324766,46376374,51142194,57579485,63151637
United States of America,23417995,24383496,25338006,26395434,685324,300975,206465,396861,957244,916685,485647,536681,10616002,11167167,11444045,12053202
Japan,152590010,154241155,150826815,142697984,3629219,2332018,1411691,968774,5018408,5581883,3408178,1975438,118838126,121082843,118707480,111950511
Russian Federation,252803759,246197441,250010969,242482159,5948518,4090856,4001423,1945367,9804353,9353469,8318605,5164729,173181273,167127281,170477169,163196552
Cook Islands,16308,17803,17758,18045,0,8962,0,0,0,8962,0,0,0,8962,0,0
Niue,2414,2083,2193,2175,0,0,0,0,0,0,0,0,0,0,0,0
Northern Mariana Islands,80958,54563,50046,51700,12917,0,0,0,29632,0,0,0,29632,15015,13706,14571
Wake Island,0,0,0,0,0,0,0,0,0,0,0,0,0,0,0,0
Jarvis Island,0,0,0,0,0,0,0,0,0,0,0,0,0,0,0,0
New Caledonia,236100,278351,304708,332525,6472,39119,24353,13460,10311,45210,63475,38273,92261,137656,168492,194032
Tokelau,1347,1104,1474,1651,0,0,0,0,0,0,0,0,0,0,0,0
Guam,164248,168932,173344,185085,1536,10805,11752,18823,10175,12381,16327,26627,36160,47303,52705,76033
American Samoa,58860,55639,46869,41759,0,0,26473,0,0,0,22333,21990,19887,11755,35853,30346
Kuril islands,25573,22680,20864,18767,0,1698,0,0,0,1071,1686,0,7415,8092,7167,0
Martinique,438970,397840,374995,367158,51510,18012,2750,6357,74664,51209,21209,9220,261086,228531,199126,195247
Guadeloupe,472613,459283,449398,455185,21712,34627,2000,14465,25912,45836,36080,15414,197420,200191,188935,191050
Clipperton Island,0,0,0,0,0,0,0,0,0,0,0,0,0,0,0,0
Dominica,69061,69412,72302,75343,0,0,5848,6512,22,0,5848,12966,16194,16509,23209,31305
Dominican Republic,9062514,10359387,11631929,12659422,698844,419165,368080,169421,1288781,1336188,853165,520258,6927284,8123736,8774550,9506707
Antigua and Barbuda,77852,89193,95901,100936,0,3550,1774,3335,1498,3550,5741,5379,28332,32298,33190,38789
Cuba,11947854,12144755,12158048,11857017,144178,110985,94943,59930,378357,263576,187148,131327,9240899,9375465,9134936,8797980
Grenada,101525,108519,118198,125223,5797,668,3433,994,9589,1568,3433,4800,67281,51775,30802,35084
Jamaica,2740516,2868631,2957424,2939845,114608,51246,51223,36638,182667,169933,96735,66601,1804637,1847616,1775460,1714779
Saint Kitts and Nevis,46537,48602,48884,49434,0,0,1027,0,1699,0,1027,1054,12955,12539,12313,12210
Trinidad and Tobago,1353269,1432747,1541075,1570923,15565,36342,26428,24889,68625,46258,63638,40984,921505,977148,982761,986169
Bahamas,353420,405205,441152,466413,18865,23220,9532,27673,54674,45092,36428,38367,224133,262166,299635,346506
Saint Lucia,162532,173980,182431,186357,12852,6652,11429,1672,20254,20477,18958,12985,79289,81068,79670,80621
Saint Vincent and the Grenadines,123239,117743,111834,110642,339,131,332,0,4937,488,332,373,66372,62170,37069,36883
Barbados,271815,282153,287678,290299,197,1883,15054,5183,18288,1883,5245,16920,194702,169123,172563,173042
Haiti,8769771,10330132,11877890,13343456,523958,730915,609087,559784,1035763,1223670,1337795,1125526,5203662,6077750,6788225,7429011
Panama,3017221,3641352,4321455,4896558,202843,131486,124658,88276,387781,383183,283030,229054,1697230,2129282,2605702,3090539
El Salvador,6138936,6300495,6484874,6755091,271804,157168,124980,64823,746899,448927,263904,162474,4136839,4160966,4061001,4117507
Nicaragua,5251978,6002059,6923118,7875371,202206,197681,195716,163558,499783,428010,442462,375286,3196075,3609944,4001324,4475335
Mexico,105164566,120904314,135353113,144511676,4112237,4543238,4305466,2191449,9343856,9120395,9415816,6556562,72549911,84962566,94757201,102168094
Honduras,6869854,8721136,10444427,12093719,534501,440999,432729,368789,925135,1138811,969497,827748,3153368,4300108,5593236,6599154
Guatemala,12150938,15056733,17972960,20703308,853645,612401,854178,752079,1532686,1573752,1494220,1587570,7226729,8942861,10042843,11496269
Costa Rica,4039849,4692837,5199828,5514010,290990,169725,117628,68764,559809,502826,291424,192840,2547591,2976820,3311913,3498211
Belize,251148,336342,411338,468441,38291,23093,26726,8113,60799,66576,49905,34935,118341,171371,193879,217533
United States of America,23093648,26753727,30572314,32594075,1743857,2022212,2085765,1037276,2764130,3859267,4450594,3187013,9900234,12653498,16589438,18856837
United States of America,100759331,109490598,116475080,120898290,3912136,4147857,3266666,3071355,6821379,7875047,7495389,5686926,49562347,54989639,60673705,64754650
Colombia,39469904,45109790,51271440,54555842,1741339,1087788,1027351,1084942,2973350,3298449,2623054,2874974,28533392,33810155,39677261,42743099
Guyana,768550,757386,806282,855157,62005,4550,17020,17253,82577,56670,20178,34358,458429,427214,449780,480095
Ecuador,12626669,14989823,17582665,19475398,684752,641006,312440,182895,1212275,1577670,1149982,532938,8107867,10133356,12236482,13692222
French Guiana,167267,230994,292154,366315,12187,38443,46083,18612,33455,40762,97297,69682,68212,119199,182185,242136
Paraguay,5667165,6381705,7315844,8197029,469064,316579,316331,272184,937504,868869,642423,633169,2826408,3483537,3815927,4072581
Suriname,469828,538093,601857,657378,15944,41924,38803,32487,18046,63359,75307,70020,227157,275117,312074,354065
Uruguay,3942924,4016483,4109337,4103503,113534,53949,60034,29708,165285,167596,118748,89733,2974774,3063922,3148633,3143986
Venezuela,24755110,29096347,28857618,32435460,1813127,1189814,282240,502332,3093462,3451833,1570874,751870,19823244,23688507,23359529,26372220
Peru,27015731,29647577,33784534,37222352,1065093,672911,463915,407185,1916638,1973470,1295085,924679,16563026,19552337,23141014,26039779
Chile,18653558,20636434,23423184,24180055,739035,916689,468001,191261,1175141,1940019,1638992,696481,13075208,15232978,17599340,18138234
Bolivia,8984032,10687542,12477027,14229400,688836,549021,365195,184246,1210240,1487887,1090919,617817,5176908,6635443,8248021,9613675
Netherlands Antilles,192964,220658,268396,280491,10116,51170,50704,6235,27117,61545,115498,61977,76383,130340,204511,216354
Navassa Island,0,0,0,0,0,0,0,0,0,0,0,0,0,0,0,0
Puerto Rico,4030793,3915958,3444460,3431388,102745,40339,97232,86271,347906,109562,114111,164546,2028333,1910943,1658134,1685689
Palmyra Atoll,0,0,0,0,0,0,0,0,0,0,0,0,0,0,0,0
Midway Island,0,0,0,0,0,0,0,0,0,0,0,0,0,0,0,0
Kingman Reef,0,0,0,0,0,0,0,0,0,0,0,0,0,0,0,0
Johnston Atoll,0,0,0,0,0,0,0,0,0,0,0,0,0,0,0,0
Howland Island,0,0,0,0,0,0,0,0,0,0,0,0,0,0,0,0
Baker Island,0,0,0,0,0,0,0,0,0,0,0,0,0,0,0,0
Bird Island,0,0,0,0,0,0,0,0,0,0,0,0,0,0,0,0
Aruba,90693,102111,108337,106696,9003,5791,11753,920,10095,8893,18924,7744,54681,64358,79337,75299
Pitcairn,49,62,65,69,0,0,0,0,0,0,0,0,0,0,0,0
Cayman Islands,42149,57654,71863,77774,6236,0,1999,12296,6236,0,1999,14549,18340,14986,22089,37175
Montserrat,5471,5226,4727,4486,0,0,0,0,0,0,0,0,0,0,0,0
Turks and Caicos islands,17157,27242,46417,50470,0,13351,11938,1045,0,13351,20510,12138,0,13351,20510,21082
British Virgin Islands,20190,27633,30773,32815,1411,5409,362,0,8254,5409,5942,93,8254,12558,13820,8167
Anguilla,11401,13592,15964,16450,0,0,5345,656,0,0,5345,6080,0,0,5345,6080
Bermuda,52047,53164,53030,51409,0,0,0,0,3347,0,0,0,24158,22979,18110,17187
United States Virgin Islands,113238,110970,104679,97215,5971,21958,0,6735,15780,7140,1526,104,47228,66648,32749,36982
Falkland Islands (Malvinas),4581,4666,5285,5460,0,0,0,0,0,0,0,0,0,0,0,0
South Georgia and the South Sandwich Islands,0,0,0,0,0,0,0,0,0,0,0,0,0,0,0,0
Argentina,44139621,49002491,53760010,56983255,2087542,1760475,1412658,419131,3633961,4252472,3573159,1898714,33763105,38212274,42539738,45209123
Heard Island and McDonald Islands,0,0,0,0,0,0,0,0,0,0,0,0,0,0,0,0
Bouvet Island,0,0,0,0,0,0,0,0,0,0,0,0,0,0,0,0
Antarctica,0,0,0,0,0,0,0,0,0,0,0,0,0,0,0,0
