bin2000,bin2020,pop2020_sum,pop2000_sum
0.0,0.0,0.0,0.0
1000.0,0.0,0.0,255.8566880710423
0.0,1000.0,8072962.91321665,0.0
1000.0,1000.0,2.0675674320273226E8,1.2441918045966019E8
2000.0,1000.0,2092123.8900633128,3370956.285557924
3000.0,1000.0,89866.76189385715,293384.02512142627
4000.0,1000.0,10440.431564230254,47113.249724270885
5000.0,1000.0,3694.5345771228895,21627.76799031347
8000.0,1000.0,924.9184229820967,7774.4780168533325
0.0,2000.0,782443.8475746758,0.0
1000.0,2000.0,2.8677336024928097E7,1.2522344600848371E7
2000.0,2000.0,1.7241312075241894E7,1.5087932721047703E7
3000.0,2000.0,1367519.8699767818,1949914.3470260617
4000.0,2000.0,162675.5448889928,352200.6861642278
5000.0,2000.0,50759.611159092005,143818.5689256062
6000.0,2000.0,15644.881701155566,47579.26688679308
7000.0,2000.0,7978.003803115804,32050.98704070598
8000.0,2000.0,6747.779701534659,30385.001187205315
10000.0,2000.0,2793.415472880006,18744.382758304477
11000.0,2000.0,1281.5541172027588,10174.69765663147
0.0,3000.0,346899.6412762329,0.0
1000.0,3000.0,6529520.099964835,1368319.8386955706
2000.0,3000.0,1.437418433226028E7,9055383.880677164
3000.0,3000.0,6241431.828843245,5783793.547442944
4000.0,3000.0,1065878.3558431575,1371907.6121723913
5000.0,3000.0,181567.73269713775,310976.56884886755
6000.0,3000.0,51807.89688059424,110731.88182113471
7000.0,3000.0,41116.6763900787,109394.10862578679
8000.0,3000.0,2434.5795437693596,7886.0723177194595
9000.0,3000.0,2873.4742791205645,8537.714951992035
10000.0,3000.0,2696.240856608376,9517.686512291431
13000.0,3000.0,2699.5135847330093,12161.859802246094
0.0,4000.0,299864.37081299536,0.0
1000.0,4000.0,3196430.407249889,453853.7327492404
2000.0,4000.0,5675402.449291703,2669092.150176682
3000.0,4000.0,8391334.14147126,5921958.172704143
4000.0,4000.0,3342697.5894670347,3217251.2654405925
5000.0,4000.0,976777.6683579528,1215746.2422720632
6000.0,4000.0,277581.814363208,416281.79665694817
7000.0,4000.0,107422.89088704623,194601.83988031
8000.0,4000.0,28641.781589919592,62884.975659220625
9000.0,4000.0,21974.902675490826,50881.35052643344
10000.0,4000.0,3514.7612482346594,9581.644403845072
11000.0,4000.0,3596.72721452266,10191.56943488121
12000.0,4000.0,3477.1685162223876,11794.23428928852
14000.0,4000.0,3290.1461523622274,13767.079864233732
0.0,5000.0,169208.95508384705,0.0
1000.0,5000.0,1801374.4850153981,201738.2941369603
2000.0,5000.0,2466886.84051032,847024.0686397979
3000.0,5000.0,5532399.595145457,3194574.69265542
4000.0,5000.0,4447142.004514421,3436151.858054444
5000.0,5000.0,2040410.497697968,1989187.1959608626
6000.0,5000.0,701587.0224589969,848022.3473587125
7000.0,5000.0,285771.58244521316,399644.31689794007
8000.0,5000.0,127228.29536758497,201219.56881939218
9000.0,5000.0,32668.738138199173,59935.69923800133
10000.0,5000.0,13434.729270368814,28456.72133891657
11000.0,5000.0,13544.50781159848,30636.74938187003
12000.0,5000.0,12921.708168573678,34477.15769696236
13000.0,5000.0,8263.287374535576,24924.738383423537
14000.0,5000.0,4526.788837477565,13445.572501659393
16000.0,5000.0,4579.028624236584,15993.77231758833
0.0,6000.0,104798.4734851718,0.0
1000.0,6000.0,1206063.2875155632,103498.38880596848
2000.0,6000.0,1673753.2699856183,471565.1813723131
3000.0,6000.0,2686226.2975912075,1261917.3952524434
4000.0,6000.0,4610498.883438022,2924992.1136894203
5000.0,6000.0,2820627.718330292,2302777.0072426135
6000.0,6000.0,1353119.8694817538,1333235.8053425492
7000.0,6000.0,527293.169841811,610610.6761764492
8000.0,6000.0,224862.1381865778,307994.59089669393
9000.0,6000.0,93859.04168365989,142667.16524441028
10000.0,6000.0,32727.36790451035,55761.53532049805
11000.0,6000.0,21790.761173858307,42151.724162038416
12000.0,6000.0,5929.872117310762,11030.81385421753
13000.0,6000.0,5674.49435724318,12796.125022888184
14000.0,6000.0,17634.380453217775,40454.00063203275
15000.0,6000.0,16812.58474287018,42652.76599931717
17000.0,6000.0,5463.874796476215,16216.952037334442
20000.0,6000.0,5161.850532837212,19104.83655190468
21000.0,6000.0,5558.719325885177,20342.213671326637
0.0,7000.0,84495.37558228709,0.0
1000.0,7000.0,959774.4823000979,74175.63780100341
2000.0,7000.0,1097445.4791093208,252510.58213798772
3000.0,7000.0,1614917.712745419,637971.8367285557
4000.0,7000.0,2789904.7315056003,1563397.1140767008
5000.0,7000.0,2948053.506979013,2019905.4344768205
6000.0,7000.0,2024414.5210401705,1696273.5127311903
7000.0,7000.0,790729.9375981787,779450.6822632987
8000.0,7000.0,392863.58828657033,449195.96621064836
9000.0,7000.0,168593.35181461473,220065.73963548604
10000.0,7000.0,83446.76825008634,123058.82253777981
11000.0,7000.0,60455.74972263537,95264.56565424055
12000.0,7000.0,47653.11199809938,84826.99018538243
13000.0,7000.0,13438.149337548763,24480.19917805493
14000.0,7000.0,18580.121780803427,40779.993613779545
15000.0,7000.0,12301.562513023615,29108.612641334534
16000.0,7000.0,13342.139721624553,31226.09054902941
19000.0,7000.0,6018.387424170971,18976.08095023036
21000.0,7000.0,6312.663582146168,20552.157465338707
22000.0,7000.0,6250.375218346715,21536.78872203827
0.0,8000.0,82161.20036703348,0.0
1000.0,8000.0,665200.3548868159,44497.99255010998
2000.0,8000.0,938162.2988715756,185157.6218434526
3000.0,8000.0,1226568.4621434438,406626.58874425315
4000.0,8000.0,1421843.1459135585,669959.6538543872
5000.0,8000.0,2829418.9935796224,1718907.884373248
6000.0,8000.0,2048468.0205182063,1500746.1191132427
7000.0,8000.0,1374764.227665362,1173521.7688544476
8000.0,8000.0,688037.7061610848,685398.3916950126
9000.0,8000.0,259296.75051155855,288358.1033009592
10000.0,8000.0,142438.7167634163,181424.30176661536
11000.0,8000.0,37563.6721687261,52749.77858568542
12000.0,8000.0,44987.519359385595,69078.94434401393
13000.0,8000.0,19906.133087317146,33775.12572663625
14000.0,8000.0,7875.259586919099,13221.240025930107
15000.0,8000.0,14945.278471380472,29712.55717229843
16000.0,8000.0,15823.166235357523,30779.31197142601
17000.0,8000.0,14596.867449894547,33377.016996100545
18000.0,8000.0,7298.894030097872,17505.327098846436
19000.0,8000.0,15012.658336441891,36455.126799934515
0.0,9000.0,57828.938750714064,0.0
1000.0,9000.0,456477.1877814308,24518.080489043612
2000.0,9000.0,642630.8205475598,113958.57520807115
3000.0,9000.0,987569.4081139835,297836.465484138
4000.0,9000.0,1257494.64157181,519465.1514054433
5000.0,9000.0,1571622.073899052,849652.8290234633
6000.0,9000.0,2643667.1892071324,1700760.523621328
7000.0,9000.0,1963427.93634558,1499021.1720470667
8000.0,9000.0,1054161.5214195831,915954.7446839295
9000.0,9000.0,344847.1377229894,343601.06552229467
10000.0,9000.0,271624.4219022412,302193.52886947617
11000.0,9000.0,51528.22036470659,62828.6563821882
12000.0,9000.0,64690.502365077286,85778.17375661968
13000.0,9000.0,50403.2636529915,74716.65425824374
14000.0,9000.0,8563.236951351166,13628.246425628662
15000.0,9000.0,24799.761648520827,42963.18346494436
18000.0,9000.0,17283.13617581129,34753.13009750843
19000.0,9000.0,8504.73278427124,18519.14487838745
21000.0,9000.0,8894.093349844217,20338.89155577123
22000.0,9000.0,8392.743092536926,21968.440146684647
28000.0,9000.0,8738.813165225089,27016.236307144165
31000.0,9000.0,8387.115985959768,35522.107204437256
0.0,10000.0,47276.81755204499,0.0
1000.0,10000.0,445825.2051109988,24368.338014795445
2000.0,10000.0,328885.6284912983,51974.16458077077
3000.0,10000.0,582322.9855818439,158536.99398154207
4000.0,10000.0,978866.0046706373,365443.4543234155
5000.0,10000.0,1076900.4871430877,513892.8194007956
6000.0,10000.0,1994500.3711540336,1168377.2046935149
7000.0,10000.0,1821166.1521324392,1224119.1150503682
8000.0,10000.0,1325991.4903418755,1048183.2877885862
9000.0,10000.0,694582.125125958,615115.2812343956
10000.0,10000.0,334476.1358936704,335379.41695198877
11000.0,10000.0,207251.37835902622,226175.04131252153
12000.0,10000.0,153459.63627843914,181918.96096869104
13000.0,10000.0,49238.72347640991,62245.47975376248
14000.0,10000.0,28486.323619127274,40206.529906630516
15000.0,10000.0,57084.4750386253,86390.59253358841
16000.0,10000.0,57540.877620164305,92122.62745809183
17000.0,10000.0,28462.949554219842,48788.64996407926
18000.0,10000.0,18806.276084184647,34502.58766555786
21000.0,10000.0,18391.13082009554,40267.62567603588
24000.0,10000.0,9775.968364678323,23167.73606133461
0.0,11000.0,74631.78125199676,0.0
1000.0,11000.0,429878.33607489616,20312.695077211596
2000.0,11000.0,262951.0842435844,37438.88141516689
3000.0,11000.0,334078.541939122,82415.88562142153
4000.0,11000.0,596489.2049539428,196569.1696211906
5000.0,11000.0,769105.0641075139,330779.4465714173
6000.0,11000.0,1013311.2832045193,544178.5165003536
7000.0,11000.0,1861232.1572753377,1154636.8151145352
8000.0,11000.0,1160748.6399086826,828045.6797684086
9000.0,11000.0,1130218.4200085097,915311.9078224816
10000.0,11000.0,454904.5147606832,404823.76773405937
11000.0,11000.0,199848.2748393204,196602.85963477363
12000.0,11000.0,254969.60452714004,276736.22629316524
13000.0,11000.0,125465.89882514998,148803.13441725075
14000.0,11000.0,83267.04066909477,108884.58425605297
15000.0,11000.0,51091.889448970556,71305.48263442516
16000.0,11000.0,31015.68619596958,46318.80628660321
17000.0,11000.0,32357.866410136223,49272.19512397051
18000.0,11000.0,10270.317558288574,17357.51344680786
19000.0,11000.0,10470.112069368362,18004.077000141144
20000.0,11000.0,10675.42837524414,19187.093160629272
22000.0,11000.0,10567.82785704732,21625.14805150032
24000.0,11000.0,10536.552189163864,23725.406273841858
27000.0,11000.0,10904.735682595521,26364.445715904236
31000.0,11000.0,10509.108324348927,32114.56124818325
0.0,12000.0,23033.718423247337,0.0
1000.0,12000.0,213460.9504218189,9220.296205685507
2000.0,12000.0,287138.48866011295,36082.38024766743
3000.0,12000.0,242937.57076906227,52756.217250471935
4000.0,12000.0,430987.92237953603,132712.15312773618
5000.0,12000.0,654700.0452651767,254726.74794424587
6000.0,12000.0,806995.6495212946,383589.2690387984
7000.0,12000.0,1133719.5755452367,645406.3564819815
8000.0,12000.0,1639129.2850872355,1053918.8645503535
9000.0,12000.0,912180.9213921351,672981.1054030152
10000.0,12000.0,637891.5567698099,524538.1571579727
11000.0,12000.0,301025.6225012019,273363.6392029114
12000.0,12000.0,379297.3784225937,379701.2118710857
13000.0,12000.0,204939.94569164887,225088.61120725982
14000.0,12000.0,80927.61439252831,93483.20902041532
15000.0,12000.0,33895.71414746344,43760.339169830084
16000.0,12000.0,64206.859081306,85628.48654194878
17000.0,12000.0,46743.280848737806,65947.60782283545
18000.0,12000.0,11655.919595718384,17802.759891986847
19000.0,12000.0,11013.64404989034,18652.996661365032
20000.0,12000.0,11929.443758010864,19207.401015758514
21000.0,12000.0,11750.034356342629,20693.09054439515
22000.0,12000.0,11966.238059267402,21191.598711930215
23000.0,12000.0,11674.125831604004,22628.44149875641
26000.0,12000.0,11980.804466724396,25552.353647232056
28000.0,12000.0,11763.697479486465,27111.34676551819
30000.0,12000.0,11058.694760678336,29739.7682338953
31000.0,12000.0,22684.35547453165,72138.30118083954
0.0,13000.0,62385.04719206691,0.0
1000.0,13000.0,162538.3967801407,7288.083598040044
2000.0,13000.0,149665.65830551833,15855.902068272233
3000.0,13000.0,200901.4854043615,38113.88116846164
4000.0,13000.0,300989.6909353171,85162.36459780813
5000.0,13000.0,332170.84494553355,119412.52758876495
6000.0,13000.0,488148.04760191636,215159.45287829544
7000.0,13000.0,578297.8350464383,300604.6753306886
8000.0,13000.0,1010787.5841642584,614682.0563499157
9000.0,13000.0,659428.3421545858,446486.5791408154
10000.0,13000.0,600688.3570589412,454217.712328989
11000.0,13000.0,510126.07719472545,424462.2007368044
12000.0,13000.0,298342.4173070444,272283.1540662842
13000.0,13000.0,146001.96667177448,150088.69947618805
14000.0,13000.0,112018.49963044003,121371.22373729199
15000.0,13000.0,49571.24557491392,57047.355843402445
16000.0,13000.0,87765.87107343972,109348.92358256876
17000.0,13000.0,12845.194969177246,16148.352861404419
18000.0,13000.0,24600.993586212397,35223.195287525654
20000.0,13000.0,24755.58104861155,39686.190712839365
22000.0,13000.0,37471.78524175286,64224.47517463565
26000.0,13000.0,12342.581060476601,25282.139179766178
28000.0,13000.0,12139.863347053528,27142.61850643158
30000.0,13000.0,12712.360382135957,29034.65938383341
0.0,14000.0,27092.354773640633,0.0
1000.0,14000.0,173370.9673783332,4402.7938375510275
2000.0,14000.0,67497.38768619299,7269.370153166354
3000.0,14000.0,162289.55019885302,28986.51172313094
4000.0,14000.0,226552.46550440416,60563.09700951073
5000.0,14000.0,261723.32626376345,89193.33836973754
6000.0,14000.0,405776.07660618797,164828.38655145466
7000.0,14000.0,443096.15207956964,210358.61325320415
8000.0,14000.0,591556.318163027,330288.6476627074
9000.0,14000.0,1147777.5636532619,720798.2222450704
10000.0,14000.0,742858.1168903669,523200.2670266308
11000.0,14000.0,623174.0141234859,489098.91181651124
12000.0,14000.0,295450.09071618534,249818.75527734295
13000.0,14000.0,161210.10697460175,149470.1542232558
14000.0,14000.0,80134.6489480082,81592.51731485128
15000.0,14000.0,68297.12291882932,72899.46053467691
16000.0,14000.0,40798.70343868192,45485.85582041062
17000.0,14000.0,26887.301847994328,32605.8936368227
18000.0,14000.0,53683.18016958237,69828.44724357128
19000.0,14000.0,13457.923305511475,18564.014003753662
20000.0,14000.0,26314.37096196413,39007.16622591019
21000.0,14000.0,27790.841741792858,41269.551185935736
22000.0,14000.0,13673.092978883535,21152.93217140436
23000.0,14000.0,13606.050218839198,22042.59785848111
24000.0,14000.0,13028.430384486914,23040.495498657227
27000.0,14000.0,13755.363621473312,26166.446703910828
1000.0,15000.0,115920.21507523954,3568.8029184490442
2000.0,15000.0,84812.62056129679,9636.902019168876
3000.0,15000.0,58958.88923317194,10067.198924094439
4000.0,15000.0,144163.21431591362,35867.14323617332
5000.0,15000.0,364204.9849688783,112239.7063148357
6000.0,15000.0,434206.16903751844,162763.01686659636
7000.0,15000.0,232792.8422907926,102507.4732240159
8000.0,15000.0,402283.0925724567,211616.15240207204
9000.0,15000.0,566266.1198969744,331564.01686375827
10000.0,15000.0,581539.4482174534,377038.11578215193
11000.0,15000.0,491026.5124373734,355398.567511484
12000.0,15000.0,245736.7486329513,198132.08006260847
13000.0,15000.0,248523.12780349702,208981.29385586083
14000.0,15000.0,102078.13212038577,94299.69201859832
15000.0,15000.0,71718.48172841966,73030.93185626343
16000.0,15000.0,102999.6341099143,108035.91776907444
17000.0,15000.0,29204.2402228117,32486.625809639692
18000.0,15000.0,59468.774360984564,69844.00978139043
19000.0,15000.0,56307.93198109089,72730.92984634516
20000.0,15000.0,14530.374565124512,19938.100832939148
22000.0,15000.0,14662.266684770584,21238.05995464325
24000.0,15000.0,14085.70128250122,23767.996097564697
26000.0,15000.0,14247.539566040039,25345.1568069458
27000.0,15000.0,29793.979915618896,52732.693519592285
0.0,16000.0,15563.382404327393,0.0
1000.0,16000.0,46033.55754518509,2192.767146408558
2000.0,16000.0,62146.26126161218,6698.511751189828
3000.0,16000.0,92563.36026269197,14936.015677399933
4000.0,16000.0,61911.92456480861,13897.959686994553
5000.0,16000.0,186425.44752994925,53674.784541714005
6000.0,16000.0,279193.82556976145,100454.54688045767
7000.0,16000.0,296430.4458271656,121423.46167493798
8000.0,16000.0,185823.3098661285,90413.76386676729
9000.0,16000.0,371389.1705416315,206073.4791486154
10000.0,16000.0,548271.055050903,344862.31899550435
11000.0,16000.0,507050.31828708906,345922.04911388626
12000.0,16000.0,156840.77760913203,115872.8984287125
13000.0,16000.0,231717.4351180941,186787.96575124934
14000.0,16000.0,124800.49816677533,109031.71114869416
15000.0,16000.0,151493.52069041034,141471.5935171012
16000.0,16000.0,30754.53138606809,31195.353024840355
17000.0,16000.0,63147.605110287666,66304.09309703112
18000.0,16000.0,63162.86381715536,69461.84547546506
19000.0,16000.0,15487.703201293945,18932.781955718994
20000.0,16000.0,15977.972809031606,19723.88711977005
22000.0,16000.0,15993.904655456543,21833.608352661133
23000.0,16000.0,46346.39109611511,66587.89787220955
24000.0,16000.0,15171.953222751617,23679.851581573486
27000.0,16000.0,15524.056404873729,26189.13893817365
31000.0,16000.0,30405.982862755656,65057.41186642647
0.0,17000.0,16356.227875471115,0.0
1000.0,17000.0,49567.91870841384,820.7771111130714
2000.0,17000.0,32577.96697268635,3072.2084107398987
3000.0,17000.0,50556.76952284947,7140.936600401998
4000.0,17000.0,132204.6651647687,27191.21618103981
5000.0,17000.0,164375.99772449583,46122.17873302847
6000.0,17000.0,230641.4976174347,77327.45777420513
7000.0,17000.0,280993.4657203816,112521.19239569083
8000.0,17000.0,99185.58386579156,45523.48182698339
9000.0,17000.0,181875.04635766335,92750.16130573303
10000.0,17000.0,373818.53368161083,213576.55221801618
11000.0,17000.0,568816.8150859766,363159.4286686802
12000.0,17000.0,410543.48445409664,287635.12113540916
13000.0,17000.0,115836.23482688516,87977.7206328027
14000.0,17000.0,131543.0166185666,107730.93966049701
15000.0,17000.0,48818.312475681305,43578.30547571182
16000.0,17000.0,49799.2248749733,46182.13298177719
17000.0,17000.0,16175.420038223267,16776.49798631668
18000.0,17000.0,42457.52636651712,45104.362604954666
19000.0,17000.0,66354.96013998985,73824.41153037548
20000.0,17000.0,16866.15742866695,19281.3250952065
22000.0,17000.0,32858.00568848848,42501.43043611944
31000.0,17000.0,48420.13382899761,98803.47534930706
0.0,18000.0,17219.437477111816,0.0
1000.0,18000.0,70085.93563014269,1335.4103743508458
2000.0,18000.0,34622.30492320657,3117.141552923247
3000.0,18000.0,86459.62306854129,13170.99886161089
4000.0,18000.0,51522.718088686466,10927.060979574919
5000.0,18000.0,87164.96832357347,22634.274220136926
6000.0,18000.0,386388.10748907516,121431.45149062101
7000.0,18000.0,281348.8738176469,104018.43407250941
8000.0,18000.0,191077.62209565006,83003.38061280386
9000.0,18000.0,174147.15577716194,83995.40491154231
10000.0,18000.0,312365.72280329233,172473.45122713927
11000.0,18000.0,226607.79181706393,137065.158258155
12000.0,18000.0,297764.87257302884,191942.3283504249
13000.0,18000.0,244850.67373151705,173278.2975359112
14000.0,18000.0,105509.29453689605,79777.22417458892
15000.0,18000.0,87214.33531418815,71793.7339220941
16000.0,18000.0,17188.91904067993,15243.67233467102
17000.0,18000.0,35452.04425048828,32741.282418489456
18000.0,18000.0,17786.95423436165,17692.94896042347
19000.0,18000.0,51917.63747104257,55826.07814347744
20000.0,18000.0,17896.76811797172,19790.623642116785
21000.0,18000.0,35151.19834898412,40324.01827129722
22000.0,18000.0,17428.79203605652,21321.003314971924
23000.0,18000.0,17853.376156806946,22374.66360259056
24000.0,18000.0,17851.83277130127,23725.295377731323
26000.0,18000.0,17131.287780739367,25650.867827415466
27000.0,18000.0,17984.44677120447,26505.972492218018
31000.0,18000.0,53485.32491791248,101016.29612933099
0.0,19000.0,56114.46561896801,0.0
1000.0,19000.0,36944.24209296703,516.5736817121506
2000.0,19000.0,36330.83790254593,3782.7596435546875
3000.0,19000.0,55544.12711709365,6538.415863722563
4000.0,19000.0,37561.09060496092,6828.144322142005
5000.0,19000.0,37014.926383018494,9023.824627399445
6000.0,19000.0,165526.11141177267,50403.58156544715
7000.0,19000.0,276551.1656353064,98469.26063515618
8000.0,19000.0,259909.8733203858,103385.80560703576
9000.0,19000.0,202064.76997954887,93733.80943050045
10000.0,19000.0,184775.17193023438,93927.01910094093
11000.0,19000.0,271191.0599268944,153232.16161694005
12000.0,19000.0,461742.6769274529,287945.50230423454
13000.0,19000.0,130912.14377285726,86051.94767733291
14000.0,19000.0,90843.4022320509,66120.34934073687
15000.0,19000.0,55268.91941673122,43398.25463472307
16000.0,19000.0,37419.40298900008,31276.616495788097
17000.0,19000.0,18943.267372131348,16553.1563205719
18000.0,19000.0,55075.77952641994,52010.53507924825
19000.0,19000.0,37083.23749446869,36906.7879781723
20000.0,19000.0,74097.80979186296,77639.30409574509
21000.0,19000.0,18701.61100167036,20594.19923850894
24000.0,19000.0,37766.737565383315,47136.56527638435
1000.0,20000.0,38713.742689847946,1323.9070472717285
2000.0,20000.0,39654.99832830392,2834.8869667984545
3000.0,20000.0,58944.31994690001,7797.611618395895
4000.0,20000.0,19637.603175878525,3731.296550039202
5000.0,20000.0,38592.43551671505,9116.584206677973
6000.0,20000.0,116356.01140279323,32414.2719891984
7000.0,20000.0,136192.58763109893,45816.90357399732
8000.0,20000.0,136568.1516660899,53704.84861433506
9000.0,20000.0,135087.01667650943,58798.441181297036
10000.0,20000.0,155269.55960926972,76203.40045158565
11000.0,20000.0,252898.16216694564,137493.53288539313
12000.0,20000.0,221488.73090038344,129961.34521318012
13000.0,20000.0,465406.8426754277,295653.4544622031
14000.0,20000.0,174598.39969030023,121360.97006219625
15000.0,20000.0,117394.41850593686,85987.99541586637
16000.0,20000.0,39078.80872693658,30914.944056034088
17000.0,20000.0,19612.696643829346,16131.754596710205
18000.0,20000.0,19868.958055496216,17570.13884162903
19000.0,20000.0,38739.135241776705,37480.82234728336
20000.0,20000.0,58498.523244306445,58846.33112215996
21000.0,20000.0,19736.592254269868,20251.462851285934
25000.0,20000.0,19936.1613073349,24098.793475866318
26000.0,20000.0,19059.13279724121,25087.062566280365
0.0,21000.0,20345.702565789223,0.0
1000.0,21000.0,20297.206528365612,79.33504962921143
3000.0,21000.0,20449.084436416626,2482.3530409783125
4000.0,21000.0,20686.64682507515,3902.911408305168
5000.0,21000.0,41600.31106668711,9027.951882816851
6000.0,21000.0,20631.616103887558,5803.832625076175
7000.0,21000.0,61047.403330899775,20155.978980734944
8000.0,21000.0,183910.56134879217,67875.68044450134
9000.0,21000.0,103636.3356795758,41947.93699251115
10000.0,21000.0,164400.7501900494,77614.1577314511
11000.0,21000.0,41186.69822871685,21004.43887537718
12000.0,21000.0,266853.51629030483,148838.3915714327
13000.0,21000.0,447280.5616052301,279876.56962251477
14000.0,21000.0,304533.1364303052,196922.38933598972
15000.0,21000.0,126611.00053339185,88369.82543584467
16000.0,21000.0,20436.717618465424,15920.538652658463
17000.0,21000.0,81834.54924239963,67166.45958740264
18000.0,21000.0,20471.560855031013,17526.926124215126
19000.0,21000.0,20965.845642089844,18261.474742889404
20000.0,21000.0,20581.19342276454,19557.137543678284
21000.0,21000.0,20122.665454626083,20083.099016189575
22000.0,21000.0,40779.18516087346,42495.29451697506
23000.0,21000.0,20127.67232131958,22794.134229660034
28000.0,21000.0,20678.935351915658,27708.551683187485
29000.0,21000.0,41185.79978185892,57023.51425111294
0.0,22000.0,43408.96494914591,0.0
1000.0,22000.0,63965.41760974572,1291.3054849493299
2000.0,22000.0,21974.49143922329,1008.6479444503784
4000.0,22000.0,21593.272609710693,3790.0103815197945
5000.0,22000.0,64427.876861572266,14162.19500041008
7000.0,22000.0,86157.5854215622,24881.28556138277
8000.0,22000.0,64340.0969209671,21774.54126572609
9000.0,22000.0,128007.98887094483,51870.12713202834
10000.0,22000.0,42785.867393016815,18969.266992092133
11000.0,22000.0,128820.08741259575,63070.73552274704
12000.0,22000.0,144813.55328108353,78026.43723881517
13000.0,22000.0,172537.503261365,100197.44309541583
14000.0,22000.0,164270.64269031287,103970.12023950844
15000.0,22000.0,42862.36250825599,29748.685420274734
16000.0,22000.0,108186.82517838478,77042.23640668392
17000.0,22000.0,64525.76656592265,48595.09001380205
18000.0,22000.0,21704.789777755737,17641.142053604126
19000.0,22000.0,56170.22244547535,48758.14159167672
20000.0,22000.0,42944.63246871531,39417.265431165695
21000.0,22000.0,21130.453985214233,20064.433853149414
23000.0,22000.0,21365.959936141968,22518.67652606964
25000.0,22000.0,10287.171882865066,11586.251415184432
31000.0,22000.0,21837.483587883413,35945.56451034546
6000.0,23000.0,66918.45699942857,17200.43107283674
7000.0,23000.0,22552.507049560547,6649.297900438309
8000.0,23000.0,45348.52446168661,14580.966679677367
9000.0,23000.0,112454.94564330578,42934.31158530712
10000.0,23000.0,45210.14090228081,19313.739690657705
11000.0,23000.0,67609.38769865036,31410.473030090332
12000.0,23000.0,89236.79806583375,46099.98728287965
13000.0,23000.0,178633.45173147408,100685.59606834108
14000.0,23000.0,132848.55682432652,80706.16834752262
15000.0,23000.0,226117.68418214563,143025.2852428127
16000.0,23000.0,67216.11665993929,46503.31835746765
17000.0,23000.0,68355.47530370145,49172.63018659742
18000.0,23000.0,22369.13560716808,17872.422930181026
19000.0,23000.0,44419.32803335786,37408.56817269325
20000.0,23000.0,22956.03388595581,19555.480026245117
21000.0,23000.0,45290.67334857583,40765.35533475876
25000.0,23000.0,22633.175430059433,24847.042578049004
27000.0,23000.0,22794.53224503994,26605.743933081627
1000.0,24000.0,47025.227744817734,910.2710113525391
2000.0,24000.0,23284.838382720947,1666.6767387390137
4000.0,24000.0,23871.70466852188,3667.1929004192352
7000.0,24000.0,23531.316652595997,6484.002745062113
8000.0,24000.0,94009.85410851533,29486.120857894304
9000.0,24000.0,70592.5564417839,24871.5342233181
10000.0,24000.0,140611.1351596862,56175.81795552373
11000.0,24000.0,94336.05308556557,41606.875964164734
12000.0,24000.0,94749.31002348661,46528.76369044185
13000.0,24000.0,93663.09767873213,50537.646124411374
14000.0,24000.0,118179.56908071786,67846.83011162281
15000.0,24000.0,117442.13100488856,73642.89724729955
16000.0,24000.0,188617.8508716412,121504.17011379264
17000.0,24000.0,23264.714354515076,16859.992588996887
19000.0,24000.0,23847.070537880063,18895.11553275585
20000.0,24000.0,46713.25495515764,38444.67880836129
21000.0,24000.0,23814.866529613733,20877.223954319954
22000.0,24000.0,23296.621074676514,21536.892951965332
23000.0,24000.0,23029.254404067993,22637.095449447632
28000.0,24000.0,46962.30741549283,54762.554806277156
30000.0,24000.0,23480.19594192505,29432.327025413513
1000.0,25000.0,24033.747714042664,161.68002319335938
2000.0,25000.0,24219.167969837785,1856.6074876170605
5000.0,25000.0,24686.81081008911,4194.725881993771
6000.0,25000.0,24439.617141246796,5161.287867069244
7000.0,25000.0,49000.666379094124,13521.349689483643
8000.0,25000.0,24815.44105529785,7015.863443374634
9000.0,25000.0,122045.21661715955,42143.955327034
10000.0,25000.0,98032.21601812541,37902.52801898122
11000.0,25000.0,49307.55795761198,21563.930095106363
12000.0,25000.0,82405.64718694985,38541.07098408201
13000.0,25000.0,97832.83111262717,49142.35038759513
14000.0,25000.0,195891.29564756714,108192.629930228
15000.0,25000.0,147452.46653169463,86449.18817647953
16000.0,25000.0,344608.4892219566,217922.34171557426
18000.0,25000.0,24030.332025445998,17491.845543652773
19000.0,25000.0,190.0850014780082,141.3168321721694
20000.0,25000.0,24681.572441101074,19134.860042333603
24000.0,25000.0,48934.794823884964,46441.79093837738
27000.0,25000.0,24368.995293974876,26993.837104797363
29000.0,25000.0,24990.768180847168,28373.132488250732
31000.0,25000.0,24603.536775190383,41248.92537856102
0.0,26000.0,25118.444524347782,0.0
1000.0,26000.0,50232.51534861326,118.61786079406738
4000.0,26000.0,25964.07631328702,3675.2175331115723
5000.0,26000.0,51781.19153520465,9617.031722836196
7000.0,26000.0,25000.895159721375,6284.2416450977325
8000.0,26000.0,101037.62507966906,30109.46427971497
9000.0,26000.0,51331.43799865246,16954.434215962887
10000.0,26000.0,77210.74329787493,28358.51428103447
11000.0,26000.0,51185.868052989244,21211.51948583126
12000.0,26000.0,13998.7208317953,6412.114539707758
13000.0,26000.0,51586.32412305474,24941.884433746338
14000.0,26000.0,25403.68844872713,13643.118825256824
15000.0,26000.0,51354.973509818316,29317.012574732304
16000.0,26000.0,301909.52709304105,187165.26419619255
17000.0,26000.0,174895.95005880267,112319.63432823092
18000.0,26000.0,51603.03694662079,35528.37692432664
19000.0,26000.0,50278.674503326416,36547.11420536041
23000.0,26000.0,25611.758810698986,22636.270290374756
30000.0,26000.0,25266.639970049262,29695.202674403787
31000.0,26000.0,51051.32406015694,66318.23001265526
2000.0,27000.0,53161.329882740974,2585.087828487158
7000.0,27000.0,26138.957555770874,6009.459457397461
9000.0,27000.0,26056.446626663208,8862.375017404556
12000.0,27000.0,53261.06535232067,22701.72331506014
13000.0,27000.0,52869.14775839448,25755.69455718994
14000.0,27000.0,53082.36556434631,27376.50571703911
15000.0,27000.0,107681.3940218836,59189.86190724373
16000.0,27000.0,26306.493299007416,15534.624447584152
17000.0,27000.0,101303.87266943663,64461.717513595744
18000.0,27000.0,106115.11975526437,68680.90451663733
19000.0,27000.0,26975.74562059343,18917.184686154127
20000.0,27000.0,52112.53231191635,39904.117005348206
22000.0,27000.0,26089.672451734543,21289.31058883667
26000.0,27000.0,26487.945904713124,25483.4938505888
31000.0,27000.0,52773.87134793401,73452.76330256462
1000.0,28000.0,27893.621834158897,639.318841457367
7000.0,28000.0,27115.789312832057,6500.080148413777
8000.0,28000.0,27940.652010530233,7232.741041183472
9000.0,28000.0,54683.06089401245,16719.58528381586
10000.0,28000.0,52275.8365386742,18177.566814946193
11000.0,28000.0,110147.63404115662,41167.1478705802
12000.0,28000.0,55226.89765274525,23345.106841742992
13000.0,28000.0,82459.74797223508,38246.21539758891
14000.0,28000.0,27484.59816264361,13556.090227365494
16000.0,28000.0,109369.79731082916,63244.37873959541
17000.0,28000.0,109828.65219567716,66161.89077663422
18000.0,28000.0,80734.0959194978,52027.81425470958
21000.0,28000.0,27439.67709982395,20332.35611987114
26000.0,28000.0,54424.83351753652,51172.5247245729
27000.0,28000.0,27229.641473174095,26806.485900878906
31000.0,28000.0,55440.7097337693,64486.67804372311
5000.0,29000.0,28192.163372039795,4518.0429483652115
7000.0,29000.0,28583.71580028534,6995.191272735596
9000.0,29000.0,85086.89992483705,24720.74004292488
10000.0,29000.0,113139.22569465637,37996.32066422701
11000.0,29000.0,56769.95433481783,21408.150097875856
12000.0,29000.0,56705.90626561642,22939.502132222056
13000.0,29000.0,141829.51040920615,61510.48222506046
14000.0,29000.0,57404.60089819133,27011.254681378603
15000.0,29000.0,85493.99579712749,43926.32093194127
16000.0,29000.0,56964.29560995102,30761.44681595266
17000.0,29000.0,28051.939910888672,16151.797794342041
18000.0,29000.0,85021.24827818945,53186.116407927126
19000.0,29000.0,86027.92192367557,54651.271991418675
26000.0,29000.0,28775.363060951233,25716.114914894104
31000.0,29000.0,57535.32538950443,76804.58066380024
0.0,30000.0,29691.651843070984,0.0
1000.0,30000.0,29331.77629059553,573.0246661752462
8000.0,30000.0,29704.695313841105,7931.666585087776
9000.0,30000.0,29590.541729927063,8134.104331970215
10000.0,30000.0,58702.03675365448,19497.746186494827
11000.0,30000.0,59278.613367557526,21626.179836511612
12000.0,30000.0,177673.92399835214,68926.70128238201
13000.0,30000.0,59443.64228439331,25140.877329587936
14000.0,30000.0,29257.02228164673,13532.153102874756
15000.0,30000.0,117902.81725868583,57775.467044472694
16000.0,30000.0,58381.849481105804,31051.192968010902
17000.0,30000.0,117405.37538528442,66209.1650428772
18000.0,30000.0,88250.4975233078,52225.836470127106
19000.0,30000.0,29869.414081573486,18888.12630558014
20000.0,30000.0,29132.05107498169,19194.296632766724
24000.0,30000.0,29605.379772365093,23024.271702051163
26000.0,30000.0,58259.58685413003,51209.3028011322
29000.0,30000.0,29235.330123901367,28102.074935913086
30000.0,30000.0,29166.643424794078,29365.177656650543
31000.0,30000.0,58597.8246082589,67567.4762763977
0.0,31000.0,369416.09989419824,0.0
1000.0,31000.0,267396.96070697904,2588.121198028326
2000.0,31000.0,351573.6454792619,9600.312626523897
3000.0,31000.0,370373.2164194882,19219.90173277259
4000.0,31000.0,132318.7603872195,9710.74449284103
5000.0,31000.0,131709.13029772043,8874.342355575413
6000.0,31000.0,101525.20330491662,11004.740121109411
7000.0,31000.0,78816.43965045875,13258.569541811943
8000.0,31000.0,31019.581372261047,7221.9611711502075
9000.0,31000.0,478330.8854432553,93399.34703205526
10000.0,31000.0,420731.932332037,115199.91783578694
11000.0,31000.0,289372.2981504798,83585.68075694889
12000.0,31000.0,584648.4058071673,149798.7035625428
13000.0,31000.0,165601.58081650734,37748.22669917345
14000.0,31000.0,531750.3116833048,192612.39293646245
15000.0,31000.0,313315.21822586283,117188.90157036483
16000.0,31000.0,561782.375419525,181788.01701727102
17000.0,31000.0,582722.8433575481,229891.71867945231
18000.0,31000.0,564561.8417923823,243846.4920521453
19000.0,31000.0,861338.4391126378,388356.1517146668
20000.0,31000.0,726165.0290833202,385455.23196589627
21000.0,31000.0,727934.2111667348,363455.6575116991
22000.0,31000.0,593594.7649601819,347986.68960596784
23000.0,31000.0,624759.6480911162,359986.5537694086
24000.0,31000.0,476703.9460308552,235195.54010891914
25000.0,31000.0,531329.8275546774,314939.4306685743
26000.0,31000.0,574994.8488656431,305879.44550824165
27000.0,31000.0,697061.612664779,395400.91786006966
28000.0,31000.0,354272.7294022143,192567.81371931732
29000.0,31000.0,226985.66887368262,171122.6465833038
30000.0,31000.0,428127.1489750771,205161.88889620826
31000.0,31000.0,3154860.639136575,2265144.161092043
