,country,continent,c1UrbanPopChange_2000-2020,c1UrbanPopChange_2010-2020,c1UrbanPopChange_2010-2030,c1UrbanPopChange_2020-2030,c2UrbanPopChange_2000-2020,c2UrbanPopChange_2010-2020,c2UrbanPopChange_2010-2030,c2UrbanPopChange_2020-2030,c3UrbanPopChange_2000-2020,c3UrbanPopChange_2010-2020,c3UrbanPopChange_2010-2030,c3UrbanPopChange_2020-2030,area,NonUrbanPopulation_10YearLag2020,NonUrbanPopulation_10YearLag2030,NonUrbanPopulation_20YearLag2020,NonUrbanPopulation_20YearLag2030,PopChange_2000-2020,PopChange_2010-2020,PopChange_2010-2030,PopChange_2020-2030,Population2000,Population2010,population_2020,Population2030,urban2020not2010,TotalLandArea,UrbanLand2020,TotalLandArea,UrbanPopulation2000,UrbanPopulation2010,UrbanPopulation2020,UrbanPopulation2030,UrbanPopulation_10YearLag2020,UrbanPopulation_10YearLag2030,UrbanPopulation_20YearLag2020,UrbanPopulation_20YearLag2030,Region,Income group
0,Abyei,0,0,504,0,0,7597,3734,5164,289,0,1882,2088,255,9938,834,0,0,0,22984,19057,24413,7951,11023,13882,29545,34175,6,10339,8,10339,0,4773,9964,12009,4756,2992,9964,6644,,
1,Afghanistan,Asia,489258,301715,375522,148314,5794429,2253750,5600137,1219515,11952179,8033285,16445125,9854810,641840,990555,615718,1248325,973135,25786315,15225401,29462664,14830698,23755401,34231732,38831939,61092584,2571,778847,6595,778847,13735834,21183709,32273966,45229174,4659915,4063225,8326605,9333588,South Asia,Low income
2,Aksai Chin,0,0,0,0,0,0,0,0,0,0,0,0,0,30669,0,0,0,0,729,664,757,108,6891,6898,4646,5600,0,38231,0,38231,0,0,0,0,0,0,0,0,,
3,Albania,Europe,9067,1396,4998,2766,147362,40489,140452,29428,522381,329425,635056,375936,28688,77481,92609,154653,124563,914534,486380,960952,518645,4217369,3861347,2855694,3697570,145,38936,524,38936,1888293,1935124,2199249,2390065,135094,77364,267169,225936,Europe & Central Asia,Upper middle income
4,Algeria,Africa,183905,99655,180011,25899,3167746,601286,1390427,216763,9037401,5950593,10671222,5180818,2308883,556083,190488,729382,659623,16931386,9496711,17199165,7884325,37860477,44083698,43192329,61122016,1462,2640603,7943,2640603,22894221,28601347,36195229,42533363,2239362,1395246,5735268,3826260,Middle East & North Africa,Upper middle income
5,American Samoa,Oceania,0,0,0,4,2107,242,346,0,409,7,81,313,203,0,1044,0,0,4041,583,1034,704,58860,55639,41448,41759,38,316,40,316,19887,11755,35853,30346,26473,0,22333,21990,East Asia & Pacific,High income
6,Andorra,Europe,0,0,0,0,0,0,643,560,8118,3242,2184,478,476,0,0,0,0,27723,13421,25402,14025,87637,95105,76475,108220,0,713,7,713,47743,47473,47086,43801,0,2049,0,2049,Europe & Central Asia,High income
7,Angola,Africa,43754,31208,41926,28392,4283089,1477402,3186193,442605,12157501,9004029,17147697,9405763,1246793,177099,198215,185295,213931,22668573,14578428,27922593,14089733,16685004,23829027,33269605,45783719,829,1289947,3157,1289947,10592472,15852494,24351162,33394959,2069137,988655,4902035,3951765,Sub-Saharan Africa,Lower middle income
8,Anguilla,North America,0,0,0,0,1455,1166,1441,20,0,0,0,110,91,0,0,0,0,4851,3929,4467,582,11401,13592,14300,16450,11,145,11,145,0,0,5345,6080,5345,656,5345,6080,,
9,Antarctica,0,0,0,0,0,0,0,0,0,0,0,0,0,12500000,0,0,0,0,0,0,0,0,0,0,0,0,0,71354739,0,71354739,0,0,0,0,0,0,0,0,,
10,Antigua and Barbuda,North America,0,0,0,0,2235,318,1715,467,4243,3021,5123,2391,478,0,0,0,0,28196,15893,23574,8308,77852,89193,88493,100936,1,611,14,611,28332,32298,33190,38789,1774,3335,5741,5379,Latin America & Caribbean,High income
11,Argentina,South America,100062,21539,38625,6861,1636501,314900,536130,41755,5967451,3418366,5721790,2577371,2780827,145274,82200,319022,185572,10324073,5176137,8517199,3545495,44139621,49002491,44820507,56983255,963,3459950,9932,3459950,33763105,38212274,42539738,45209123,1412658,419131,3573159,1898714,Latin America & Caribbean,Upper middle income
12,Armenia,Asia,3948,987,1311,171,5979,1409,2424,883,95004,43641,51867,17431,29621,39429,21288,81071,51484,230527,100570,135975,60899,4156634,3864218,2803968,3618903,28,39787,639,39787,2705555,2479443,2294936,2282102,25834,28425,42427,45902,Europe & Central Asia,Upper middle income
13,Aruba,North America,0,0,0,13,6441,1923,1497,49,10618,6657,8661,2841,191,0,4711,0,0,25174,12456,14936,3756,90693,102111,104151,106696,15,237,56,237,54681,64358,79337,75299,11753,920,18924,7744,Latin America & Caribbean,High income
14,Arunachal Pradesh,0,2880,1804,885,249,81950,19537,37996,4571,76577,56388,90191,45879,67928,4131,1250,7392,3024,560958,302215,482310,204447,797005,1048602,1138552,1445922,67,78567,188,78567,199104,309100,416101,484777,64009,30411,152693,99976,,
15,Ashmore and Cartier Islands,0,0,0,0,0,0,0,0,0,0,0,0,0,7,0,0,0,0,0,0,0,0,0,0,0,0,0,13,0,13,0,0,0,0,0,0,0,0,,
16,Australia,Oceania,80195,29788,39384,8229,1933530,447855,968810,102314,4467337,3184559,5438853,2666123,7691172,194761,77323,266997,183066,9240139,5204948,8651835,3740370,22793767,26361414,25168664,33767142,1171,8655260,11008,8655260,15068908,17969456,22141351,25207592,1298103,695127,3038898,2208474,East Asia & Pacific,High income
17,Austria,Europe,22023,10421,15464,2332,94717,19146,40408,10495,960160,624160,928644,333403,83967,105361,81384,136856,144701,2051923,1114455,1808498,867875,11928699,12453742,8908600,13485602,172,126030,2269,126030,5177679,5651065,6280230,6580939,155558,129741,380928,245574,Europe & Central Asia,High income
18,Azerbaijan,Asia,29467,8362,8052,426,683922,99730,203772,37590,1508270,1046447,1602058,720933,164775,63716,39538,141522,70793,3292855,1657295,2499715,1040807,10680265,12034164,10242499,13947609,421,218321,2935,218321,6715945,7835823,9022411,9523488,420818,150471,1341864,584280,Europe & Central Asia,Upper middle income
19,Azores Islands,0,14,5,132,94,0,25,25,0,6053,206,236,165,2310,2876,8709,1948,11416,15880,1776,5840,4553,297367,308982,213880,271195,7,3456,72,3456,104857,104597,102653,88683,6489,0,0,6307,,
20,"Bahamas, The",North America,232,0,0,0,13133,1847,5546,1848,47557,29738,49305,20919,14506,0,0,5328,0,106394,52329,90208,39798,353420,405205,370162,466413,11,19222,115,19222,224133,262166,299635,346506,9532,27673,36428,38367,Latin America & Caribbean,High income
21,Bahrain,Asia,0,1316,1215,24,27577,22016,24331,114,492492,296559,422740,133646,670,13811,1243,0,8361,551783,332478,464287,140013,622161,1047756,998314,1171415,8,921,217,921,569140,981800,1071816,1109613,23927,4293,36853,26756,Middle East & North Africa,High income
22,Baker Island,0,0,0,0,0,0,0,0,0,0,0,0,0,1,0,0,0,0,0,0,0,0,0,0,0,0,0,6,0,6,0,0,0,0,0,0,0,0,,
23,Bangladesh,Asia,411240,216957,391774,100074,10490386,4111541,10917103,2814386,25025590,14021399,26816702,17050138,140132,1393024,850754,1644995,1416539,63438681,35030810,62303330,32747520,141072087,162058534,166817444,201329034,8086,157582,27788,157582,76169622,94116825,112476934,134448352,12661293,12294954,22965687,25688462,South Asia,Lower middle income
24,Barbados,North America,6472,178,1257,763,2245,3854,3382,354,16039,9582,9200,6049,429,1051,6149,21575,3986,61672,47691,54275,18410,271815,282153,270755,290299,20,503,88,503,194702,169123,172563,173042,15054,5183,5245,16920,Latin America & Caribbean,High income
25,Bassas da India,0,0,0,0,0,0,0,0,0,0,0,0,0,3,0,0,0,0,0,0,0,0,0,0,0,0,0,13,0,13,0,0,0,0,0,0,0,0,,
26,Belarus,Europe,12352,2416,7106,3804,145387,21931,23404,3077,1387841,909693,1033537,204140,207558,180842,166936,333983,277488,2006506,1108902,1434993,473873,17298948,16418053,9638177,15530923,229,350969,2832,350969,10766550,10623702,11005560,10586599,193013,57333,444883,185990,Europe & Central Asia,Upper middle income
27,Belgium,Europe,32520,11010,16135,3324,172650,42777,78771,14174,933027,507452,727544,285790,30694,120545,117626,206957,173829,2658256,1291002,2009721,950090,16249935,17220730,11541788,18794567,410,49225,3898,49225,8129258,8762014,9441690,9799530,381968,293975,828965,613863,Europe & Central Asia,High income
28,Belize,North America,3509,2087,3637,0,24780,8613,14523,455,38325,17723,31529,17507,22182,13745,0,10680,12282,173924,102767,163971,65225,251148,336342,379068,468441,27,24163,80,24163,118341,171371,193879,217533,26726,8113,49905,34935,Latin America & Caribbean,Upper middle income
29,Benin,Africa,23331,20246,42342,18338,1430119,286520,745323,142320,1811876,1427319,2920973,1748004,115295,80381,100659,63412,120002,5929126,3300170,7042114,3825446,7053176,9514411,12568338,16505739,473,118952,1808,118952,3876626,5531031,7670088,9939309,818895,620040,2154505,1585221,Sub-Saharan Africa,Lower middle income
30,Bermuda,North America,159,48,71,0,0,0,0,0,1190,296,215,20,63,4525,0,5543,4318,4403,1435,1853,573,52047,53164,47967,51409,0,139,10,139,24158,22979,18110,17187,0,0,0,0,North America,High income
31,Bhutan,Asia,1890,789,3813,1726,20621,7544,28451,9079,76314,29365,34352,20260,37677,4137,13496,4604,14738,382431,216352,346276,168400,723007,857967,871525,984023,40,43267,154,43267,218557,274039,280418,280274,20512,42334,39602,63154,South Asia,Lower middle income
32,Bird Island,0,0,0,0,0,0,0,0,0,0,0,0,0,1,0,0,0,0,0,0,0,0,0,0,0,0,0,2,0,2,0,0,0,0,0,0,0,0,,
33,Bolivia,South America,26895,9617,17361,4164,640853,122426,287171,44748,2164827,1357716,2507282,1248072,1084540,54363,39669,87576,82423,4076829,2172588,4078313,1982570,8984032,10687542,11878102,14229400,235,1143798,1668,1143798,5176908,6635443,8248021,9613675,365195,184246,1090919,617817,Latin America & Caribbean,Lower middle income
34,Bosnia and Herzegovina,Europe,9796,3504,7439,1957,58449,12418,42712,11358,135061,60194,100651,70716,51141,89051,62231,108928,130095,517123,188060,413839,276469,5827738,5315013,3309361,4341399,179,72325,853,72325,2226413,1996889,1736454,1604639,116483,56376,173750,163806,Europe & Central Asia,Upper middle income
35,Botswana,Africa,10711,3507,4833,462,131532,25188,61362,10031,325302,216360,415154,217207,578192,23702,5949,44836,22794,957712,520180,994391,479496,1875357,2270651,2545340,3232127,123,630231,899,630231,1069596,1309413,1594591,1864138,98548,65203,264721,171803,Sub-Saharan Africa,Upper middle income
36,Bouvet Island,Antarctica,0,0,0,0,0,0,0,0,0,0,0,0,41,0,0,0,0,0,0,0,0,0,0,0,0,0,98,0,98,0,0,0,0,0,0,0,0,,
37,Brazil,South America,288037,52881,123840,30836,3037491,474048,1093515,191818,31639327,14497314,22541811,9104676,8487434,516653,385111,1217261,773519,46714316,20117555,32637218,14031083,186340519,207854104,212243534,236690966,2738,8795435,38224,8795435,130190235,149609837,165634878,175264511,3299131,2104289,8723562,5477213,Latin America & Caribbean,Upper middle income
38,British Indian Ocean Territory,Asia,0,0,0,0,0,0,0,0,0,0,0,0,133,0,0,0,0,0,0,0,0,0,0,0,0,0,237,0,237,0,0,0,0,0,0,0,0,,
39,British Virgin Islands,North America,1216,0,506,256,1725,112,23,0,2378,912,925,289,189,0,6184,3970,5915,10771,3762,5695,2116,20190,27633,27162,32815,2,354,9,354,8254,12558,13820,8167,362,0,5942,93,Latin America & Caribbean,High income
40,Brunei Darussalam,Asia,163,52,1240,525,27416,8921,15088,1494,37635,21197,33419,16369,5914,1725,8339,4906,10045,129237,65517,102762,40765,337229,400266,444964,478052,23,6339,152,6339,144885,203770,249974,272061,32341,15890,80363,50901,East Asia & Pacific,High income
41,Bulgaria,Europe,13785,4540,9556,2489,64953,2823,7288,2857,299882,157390,153949,47446,111322,199637,173593,332951,325122,725083,318760,456787,259162,10965911,10275731,6927771,8510726,89,153116,1455,153116,5791874,5360171,4875403,4336435,64975,63914,206100,98660,Europe & Central Asia,High income
42,Burkina Faso,Africa,37221,19234,25005,16123,2032918,498806,1282470,274735,3050260,2053371,4268655,2556929,273326,92420,116435,105160,103285,12925014,7688671,14315143,7206029,12166870,16485915,21501635,28133462,1104,283431,2956,283431,4819413,7207523,9713200,13012561,1146320,1047309,2761093,2331060,Sub-Saharan Africa,Low income
43,Burundi,Africa,306962,215211,380130,106033,600682,250685,458427,150254,1330927,702939,1563713,936952,26844,667878,406382,723777,814286,7852839,4715835,8683743,4408498,6332675,9152063,12215197,15815287,678,27662,1249,27662,2572615,3322954,3601701,4690769,510038,550046,805177,796150,Sub-Saharan Africa,Low income
44,Cabo Verde,Africa,291,1005,37,747,57775,28762,56761,4387,107128,63399,126256,99993,4047,2698,5657,3132,1798,235731,138846,257619,144679,430199,492129,532748,618825,37,4829,114,4829,287018,337608,399297,450825,45471,9631,79251,70821,Sub-Saharan Africa,Lower middle income
45,Cambodia,Asia,177600,55461,198045,151079,1799206,794271,4001708,1054987,1534486,1027777,1789111,2890938,181469,475768,1055909,768053,1055046,7391305,3936051,8810489,5634677,12372916,14623067,16247075,18336673,1300,188985,3861,188985,4675233,5444905,6865632,9603243,1431567,1879643,2430505,4821769,East Asia & Pacific,Lower middle income
46,Cameroon,Africa,14489,17836,46724,28786,1663521,397286,1026382,215351,6267365,4131105,8759159,4896979,465382,91200,144296,69243,153119,12014541,7188384,14752653,7649443,15130262,19935018,26404058,34165023,767,474407,3186,474407,9756044,13469124,18121680,23796751,943674,917732,2487285,1997261,Sub-Saharan Africa,Lower middle income
47,Canada,North America,94271,28749,73127,22406,843022,173389,426428,76257,7882292,4186836,7445701,3518795,9890505,207986,210175,350617,332594,12149186,6195978,11112643,5242963,44983748,49826636,37378941,60379234,1271,21168251,15982,21168251,28046565,32770226,37851081,41716511,1202732,758368,2756944,1970009,North America,High income
48,Cayman Islands,North America,7120,0,0,0,935,557,4531,1221,7986,5104,7649,2803,265,0,0,13350,0,30639,15649,23450,8181,42149,57654,60905,77774,1,410,5,410,18340,14986,22089,37175,1999,12296,1999,14549,Latin America & Caribbean,High income
49,Central African Republic,Africa,2981,1558,11428,9374,173987,57381,194786,66420,663001,325986,1183548,930095,619639,11941,38096,11035,34411,1649201,754669,2462135,1763841,3775746,4681372,5343865,7131465,114,631154,583,631154,1770431,2352457,2805942,4000046,169176,292734,395749,489226,Sub-Saharan Africa,Low income
50,Chad,Africa,17523,19991,30045,28704,1207419,419542,1272226,318902,2320037,1451759,3187721,2115007,1264801,71279,94445,46876,69211,8984533,5472318,11215474,5975814,8382571,12062755,16548473,22867797,627,1325581,1739,1325581,4079289,5888497,7869534,10930935,871320,1021171,1714230,2102625,Sub-Saharan Africa,Low income
51,Chile,South America,45075,13750,28524,7813,1001962,130430,258250,35776,4243539,2269801,2942670,990806,757712,71716,64503,143427,119429,6461495,3154265,4355617,1530468,18653558,20636434,19145276,24180055,322,1025792,3276,1025792,13075208,15232978,17599340,18138234,468001,191261,1638992,696481,Latin America & Caribbean,High income
52,China,AsiaAsia,6608006,2671750,5911718,1818866,85192219,23389642,37346910,6325421,231509467,134849163,185801972,76793790,9348985,29555530,25620293,39216713,41968873,532381808,284916246,408655877,172952823,1509703723,1608453908,1418217128,1686652250,51099,11782977,257503,11782977,879020278,962596949,1035425652,1031761354,59108591,29642512,136884213,80213040,East Asia & Pacific,Upper middle income
53,Christmas Island,Asia,0,0,0,0,0,0,0,0,0,0,0,0,140,0,0,0,0,1732,969,2069,1100,1336,2098,2836,4168,0,179,0,179,0,0,0,0,0,0,0,0,,
54,Clipperton Island,0,0,0,0,0,0,0,0,0,0,0,0,0,7,0,0,0,0,0,0,0,0,0,0,0,0,0,14,0,14,0,0,0,0,0,0,0,0,,
55,Cocos (Keeling) Islands,Asia,0,0,0,0,0,0,0,0,0,0,0,0,37,0,0,0,0,0,0,0,0,568,557,46,470,0,73,0,73,0,0,0,0,0,0,0,0,,
56,Colombia,South America,36187,12651,23578,31121,1671897,434434,2139218,631512,9970255,5642558,7975376,3553915,1138154,207867,333323,381400,384016,14186024,7443118,12578051,5624873,39469904,45109790,50755030,54555842,610,1155587,4938,1155587,28533392,33810155,39677261,42743099,1027351,1084942,2623054,2874974,Latin America & Caribbean,Upper middle income
57,Comoros,Africa,6670,5414,17471,8024,30780,15114,38862,11623,160852,91263,175891,94698,1656,30162,45682,21465,55234,271160,151000,305884,154886,539422,659583,729327,965465,40,1952,122,1952,348321,451389,576902,695185,58999,61242,82524,105669,Sub-Saharan Africa,Lower middle income
58,Congo,Africa,3479,2007,3721,1310,673900,302237,786160,135630,2008295,1370832,2686932,1629865,340614,36080,54946,9883,59039,3233749,2001688,3957112,2055568,3124247,4405393,5652986,7037028,88,345915,594,345915,2663029,3669672,4831956,6193952,343738,250616,738844,837200,Sub-Saharan Africa,Lower middle income
59,Cook Islands,Oceania,0,4,29,0,0,0,0,0,0,0,0,0,344,6996,0,0,7052,2301,2895,3255,840,16308,17803,12748,18045,0,562,0,562,0,8962,0,0,0,0,0,0,,
60,Costa Rica,North America,8991,1729,5277,2287,117373,35992,73820,11682,604761,336144,540034,243426,51237,24184,29639,43768,42774,1437342,791688,1306280,594319,4039849,4692837,5105586,5514010,121,53571,959,53571,2547591,2976820,3311913,3498211,117628,68764,291424,192840,Latin America & Caribbean,Upper middle income
61,Croatia,Europe,4474,1160,5775,2460,27717,2271,6907,3315,105177,44943,49917,23341,56577,48155,81735,79530,110405,470393,173879,346632,242859,6351870,6099213,3992495,5373260,66,84060,976,84060,2781528,2717344,2539397,2338633,46699,31043,153038,59420,Europe & Central Asia,High income
62,Cuba,North America,6005,1341,4963,1961,53601,27728,45469,15533,523162,251052,286108,87414,111436,80530,62707,92465,116231,1189631,708068,949542,349757,11947854,12144755,11109780,11857017,76,124848,1665,124848,9240899,9375465,9134936,8797980,94943,59930,187148,131327,Latin America & Caribbean,Upper middle income
63,Cyprus,Asia,4702,82,345,0,56568,11181,19538,1774,158715,91794,135386,49788,9317,7838,0,15620,7903,404707,169732,268251,107922,1157071,1378773,1213897,1599490,41,11781,334,11781,658397,800048,916811,984146,51321,23572,135258,78051,Europe & Central Asia,High income
64,Czechia,Europe,25717,15360,29936,14294,168522,51803,125250,33819,424485,229138,352390,186416,78842,162748,215937,246181,316090,2060111,968507,1690872,925850,15859335,16218990,10534333,16300960,303,123272,2948,123272,7662214,7617001,7587309,7555839,272604,221461,515600,456732,Europe & Central Asia,High income
65,CÃ´te d'Ivoire,Africa,38586,16360,45590,35737,2003846,583082,1434127,281855,4305267,2947866,6453876,3953265,321803,72615,189832,112255,149110,10647863,6099634,13436891,7561875,16941272,21288935,26781376,34458072,801,328939,3183,328939,9341424,12377424,16646518,21668184,1550695,1257986,3318403,3041704,Sub-Saharan Africa,Lower middle income
66,Democratic People's Republic of Korea,Asia,25512,13169,28215,10633,772636,530850,795480,147750,3002819,1875903,2359761,861560,122463,144969,129835,132171,169552,6270930,4227996,5848799,2075829,29890454,31548436,25350296,33847987,639,163263,3577,163263,24360362,25551006,26128704,26466992,991460,445475,1416039,1391405,East Asia & Pacific,Low income
67,Democratic Republic of the Congo,Africa,301288,153701,285294,260725,8494793,3316847,8907033,1929597,22604628,15594260,35769462,22956806,2329094,625921,871318,730686,741897,47685118,29886495,64934189,35923061,48821134,66728859,92948609,128437858,3538,2360504,9915,2360504,29065863,41688448,61478278,88912143,6046811,5389484,11638826,13230365,Sub-Saharan Africa,Low income
68,Denmark,Europe,11357,3364,3844,849,61907,15072,32620,7899,735037,426316,734718,337146,44502,43274,25904,90329,49035,1531447,750452,1477825,827632,9309182,9684749,5663948,10667366,113,82958,2308,82958,4618197,4917683,5353555,5722057,128446,103228,277213,217736,Europe & Central Asia,High income
69,Djibouti,Africa,67,3,25,0,36125,9393,27983,6740,304793,185756,298439,128559,21697,2652,0,1906,1615,422742,253433,418221,183279,756409,936649,1050899,1269117,11,22845,90,22845,657672,820839,962613,1097166,16663,20933,48884,40075,Middle East & North Africa,Lower middle income
70,Dominica,North America,0,0,0,0,1635,933,2857,829,1228,851,1829,1585,756,0,0,0,0,15447,9599,15011,6350,69061,69412,65997,75343,5,875,9,875,16194,16509,23209,31305,5848,6512,5848,12966,Latin America & Caribbean,Upper middle income
71,Dominican Republic,North America,57332,47218,71006,18148,562903,183388,315527,51962,2090272,1230003,2084933,1033377,48152,178881,124647,188027,220611,4229996,2684357,4179445,1847484,9062514,10359387,10915869,12659422,269,52186,1552,52186,6927284,8123736,8774550,9506707,368080,169421,853165,520258,Latin America & Caribbean,Upper middle income
72,Ecuador,South America,17171,7379,17176,4308,639002,73309,168831,25027,3185690,1868884,3113685,1328966,256408,44290,27179,55555,68104,5219469,2650018,4544982,1974149,12626669,14989823,17446797,19475398,192,261283,2255,261283,8107867,10133356,12236482,13692222,312440,182895,1149982,532938,Latin America & Caribbean,Upper middle income
73,Egypt,Africa,82254,38074,70662,19178,6287863,2265281,4897325,653487,29517813,17670847,33297214,17627694,982447,456519,283499,454224,592194,44131310,25745579,46952388,22125237,82076761,100359815,107104770,143730096,2695,1107423,14763,1107423,68832140,86457596,106620118,124976547,4716492,2316796,10594776,8334270,Middle East & North Africa,Lower middle income
74,El Salvador,North America,12935,6074,9942,4928,141568,39122,61864,10701,478140,231768,361211,179000,20729,99853,29495,120873,89585,1516671,810156,1338043,641061,6138936,6300495,6268261,6755091,138,21991,970,21991,4136839,4160966,4061001,4117507,124980,64823,263904,162474,Latin America & Caribbean,Upper middle income
75,Equatorial Guinea,Africa,1965,1465,2010,386,594497,90194,143136,7288,459921,733013,1035289,342980,26984,20788,1439,12250,20467,1162816,910094,1312526,408009,677397,1084713,1569962,1987947,44,27609,148,27609,359800,684002,1379578,1738197,135267,22951,643495,192596,Sub-Saharan Africa,Upper middle income
76,Eritrea,Africa,3737,1850,5431,3884,287877,115483,285671,60742,331443,164681,248776,194962,121009,21217,19422,13400,18458,1665154,1013542,1706720,785005,2472893,3238780,3477600,4400419,167,129006,381,129006,1767460,2211632,2123766,2496663,203226,220963,373126,447425,Sub-Saharan Africa,Low income
77,Estonia,Europe,743,1785,2366,599,101774,18119,27289,2409,103150,134854,168592,43058,45763,69371,16802,84212,61967,461851,248009,327215,101272,2717611,2582888,1313210,2501981,59,89771,437,89771,1453370,1311534,1374181,1401517,76021,46451,168428,112008,Europe & Central Asia,High income
78,Ethiopia,Africa,365721,466105,788366,936607,10070648,4493553,8919683,2646736,14436934,9162529,15679850,8504249,1129290,1344531,3372330,874498,1675021,77182623,54051133,89295580,40665694,68066302,90494009,117021029,151159246,7427,1154057,13208,1154057,42012778,52439392,52741569,63073381,6934016,6813878,11862278,12001692,Sub-Saharan Africa,Low income
79,Europa Island,0,0,0,0,0,0,0,0,0,0,0,0,0,26,0,0,0,0,0,0,0,0,0,0,0,0,0,52,0,52,0,0,0,0,0,0,0,0,,
80,Falkland Islands (Malvinas),South America,0,0,0,0,0,0,0,0,0,0,0,0,12515,0,0,0,0,1504,1319,1728,427,4581,4666,2519,5460,0,23546,0,23546,0,0,0,0,0,0,0,0,,
81,Faroe Islands,Europe,0,0,0,0,0,0,1549,385,2244,1428,2824,1398,1373,0,0,0,0,16627,8717,13637,5261,93305,98826,45914,111280,0,3770,7,3770,25594,26268,27695,36556,0,7464,0,7464,Europe & Central Asia,High income
82,Fiji,Oceania,13320,0,19,0,7943,3514,5140,80,67441,31221,69185,44124,18281,7,965,42585,965,203174,111302,168518,73205,771558,841139,811841,922848,15,21468,183,21468,331579,338327,361801,405030,10120,1114,22387,12557,East Asia & Pacific,Upper middle income
83,Finland,Europe,11702,6284,17144,4667,171358,45831,77739,15154,418654,266727,288520,85839,336848,81475,141006,92666,183935,1619681,786215,1194062,545501,10756038,11134384,5396200,11536055,239,789611,2445,789611,4001252,4331446,4651947,4624370,250969,158348,558638,382083,Europe & Central Asia,High income
84,France,Europe,109513,36546,100495,36319,994736,236868,665174,161576,3623763,1752623,2969773,1592515,548899,690482,899622,1062777,1300858,14495172,6411963,11527001,6138821,85799624,91264944,63940547,95744737,1744,803884,17174,803884,44462622,46542342,47480657,48308778,1513025,1299170,3216057,2681704,Europe & Central Asia,High income
85,French Guiana,South America,0,1074,851,1010,53209,12685,28328,4372,18152,20404,54778,45196,83342,2913,3359,0,1836,126843,63051,136412,77026,167267,230994,286782,366315,26,84961,67,84961,68212,119199,182185,242136,46083,18612,97297,69682,,
86,French Polynesia,Oceania,0,0,3663,2037,11028,1832,5182,906,21335,11598,22189,14341,5911,0,14769,0,14769,55809,22268,48020,26256,250864,282993,239920,323180,32,8802,101,8802,109608,137701,171337,179507,22839,6672,40982,31234,East Asia & Pacific,High income
87,French Southern and Antarctic Territories,0,0,0,0,0,0,0,0,0,0,0,0,0,7816,0,0,0,0,0,0,0,0,0,0,0,0,0,13814,0,13814,0,0,0,0,0,0,0,0,,
88,Gabon,Africa,3901,1225,1477,0,135592,41099,102691,23902,666045,458910,797696,365903,264201,3986,0,10439,2523,1043747,642150,1133758,505229,1264780,1702178,2240213,2755956,62,268359,395,268359,879461,1234956,1745769,2171161,90245,73112,220423,179805,Sub-Saharan Africa,Upper middle income
89,Gambia,Africa,3901,1474,5983,7419,234355,49276,136072,23652,682815,475255,981223,554706,11129,8928,27722,12449,19786,1211892,677147,1422922,760031,1489231,2014120,2608840,3399912,100,12024,390,12024,829690,1273096,1876603,2481426,139671,77258,383973,249428,Sub-Saharan Africa,Low income
90,Gaza Strip,0,0,0,0,0,57154,11910,32297,4204,770117,410999,922725,528477,370,0,0,0,0,857145,439380,984048,549049,1241716,1664050,1788224,2643205,34,501,238,501,1150863,1579709,2033532,2574662,47215,17279,112553,77005,,
91,Georgia,Asia,3736,764,1646,659,25852,8425,18739,3187,207904,113581,160407,74867,69796,41909,50592,148849,79201,434541,260407,393677,192860,5728289,5150876,3742625,4908762,91,95475,838,95475,3122439,2843943,2779739,2742340,67153,36100,99309,93650,Europe & Central Asia,Upper middle income
92,Germany,Europe,103644,23763,66947,23654,674973,179757,315138,54550,5490601,3835962,4762735,1324055,357227,913666,1276112,1947199,1741410,13168852,7282994,11148461,5214520,129334893,128908020,83227580,131103328,1578,573373,29080,573373,72414148,71905942,74778380,73985671,1600784,1055130,3348034,2265754,Europe & Central Asia,High income
93,Ghana,Africa,72655,15974,38335,13823,2450589,357607,755831,112725,7586027,4658307,8670493,4337365,238882,118560,125094,263888,181773,14430830,7367103,14185448,7144628,19884297,25861338,32098778,39183352,828,244375,4916,244375,12151217,17239403,22642249,27407788,1219476,712383,4042702,2049257,Sub-Saharan Africa,Lower middle income
94,Gibraltar,Europe,0,0,0,0,0,0,0,0,4032,1174,1320,146,4,0,0,0,0,4032,1174,1320,146,26308,29373,24274,30197,0,15,7,15,26308,29373,30205,30197,0,0,0,0,Europe & Central Asia,High income
95,Glorioso Island,0,0,0,0,0,0,0,0,0,0,0,0,0,9,0,0,0,0,0,0,0,0,0,0,0,0,0,17,0,17,0,0,0,0,0,0,0,0,,
96,Great Britain,Europe,45173,10387,20469,4921,381301,78309,174248,29422,11272100,6010245,9249650,3526878,244551,172885,143508,298856,241997,15366631,7781236,12496642,5425552,96504217,102873352,66244617,113323086,857,428546,25480,428546,71108572,76976738,83541003,86954908,1063964,584777,2356987,1600351,Europe & Central Asia,High income
97,Greece,Europe,5075,1204,3193,725,27999,2339,5326,2119,189297,57501,58058,20021,132667,95201,111835,94938,178432,722571,209841,423758,300313,13524352,13515090,9947170,12304113,35,179328,1621,179328,8201210,8163095,7698883,7370663,26535,69422,100840,74303,Europe & Central Asia,High income
98,Greenland,North America,0,0,0,0,2994,0,0,0,1279,2435,4063,1641,2163960,0,0,0,0,6742,3343,5798,2603,76398,75849,35208,74939,0,8290339,11,8290339,6584,16706,19128,20768,0,0,11265,0,Europe & Central Asia,High income
99,Grenada,North America,8021,2347,2982,0,1152,1003,1626,89,5502,4726,7469,3310,340,29366,0,49052,29288,22979,14957,23790,9621,101525,108519,106884,125223,1,417,10,417,67281,51775,30802,35084,3433,994,3433,4800,Latin America & Caribbean,Upper middle income
100,Guadeloupe,North America,627,105,1058,669,7252,345,1940,987,12307,7047,10261,5053,1738,3153,12585,13371,14289,65900,24746,41783,20599,472613,459283,407466,455185,8,2112,149,2112,197420,200191,188935,191050,2000,14465,36080,15414,,
101,Guam,Oceania,2,39,1,0,2805,1685,5979,1168,2069,1552,4056,5155,554,6718,293,350,556,17407,9352,22376,13816,164248,168932,165897,185085,12,662,34,662,36160,47303,52705,76033,11752,18823,16327,26627,East Asia & Pacific,High income
102,Guatemala,North America,84355,40004,101929,39163,704952,294591,685527,141735,1914204,926290,1701039,1043831,109117,254363,233254,355949,365548,6490196,3771067,6586462,3089951,12150938,15056733,17331627,20703308,837,115061,2879,115061,7226729,8942861,10042843,11496269,854178,752079,1494220,1587570,Latin America & Caribbean,Upper middle income
103,Guernsey,Europe,0,0,0,0,689,377,610,0,1562,806,1765,1416,96,0,0,0,0,8076,4200,7317,3733,89363,91833,59702,98557,4,205,13,205,30545,30927,38283,39698,6761,0,6761,7006,,
104,Guinea,Africa,10065,6306,11594,4191,1136827,281955,702929,118757,1748250,1340740,3159990,2084198,243294,42437,49644,47907,60916,5612487,3249033,6897737,3875307,8474928,10436645,13147097,16896683,382,251997,1396,251997,3492646,4808818,6704190,9138403,660397,436383,1658156,1267356,Sub-Saharan Africa,Lower middle income
105,Guinea-Bissau,Africa,3982,3929,6093,30,105873,23313,61156,11931,334693,218341,447564,247971,31508,20690,374,14247,19279,815805,464417,944251,482373,1257163,1599563,1989082,2538068,38,35524,166,35524,547148,753699,1021618,1310114,66860,41226,153529,122701,Sub-Saharan Africa,Low income
106,Guyana,South America,2008,317,1443,829,4985,2226,7437,1611,38404,27422,45411,26115,211659,5316,7955,24640,12101,113263,72620,126827,65107,768550,757386,776039,855157,12,215854,185,215854,458429,427214,449780,480095,17020,17253,20178,34358,Latin America & Caribbean,High income
107,Haiti,North America,256017,106979,240035,73277,888334,254326,611765,171741,1755988,987359,1535756,803069,27054,395118,284571,697503,574328,5122718,2730306,4822307,2426772,8769771,10330132,11025851,13343456,731,29913,2027,29913,5203662,6077750,6788225,7429011,609087,559784,1337795,1125526,Latin America & Caribbean,Lower middle income
108,Hala'ib triangle,0,0,0,0,0,0,0,0,0,0,0,0,0,17827,0,0,0,0,1790,1132,1708,812,4105,4694,4678,5465,0,19823,0,19823,0,0,0,0,0,0,0,0,,
109,Heard Island and McDonald Islands,Antarctica,0,0,0,0,0,0,0,0,0,0,0,0,425,0,0,0,0,0,0,0,0,0,0,0,0,0,790,0,790,0,0,0,0,0,0,0,0,,
110,Holy See,0,0,0,0,0,0,0,0,0,51,39,53,57,0,0,0,0,0,51,39,53,57,1595,1549,0,1565,0,2,1,2,1595,1549,1508,1565,0,0,0,0,,
111,Honduras,North America,16784,13446,30412,13656,582715,192298,411842,75019,1553245,1038380,1642718,751656,112267,49849,81664,33334,88476,4529448,2840807,4600435,2015903,6869854,8721136,10044195,12093719,443,118467,1467,118467,3153368,4300108,5593236,6599154,432729,368789,969497,827748,Latin America & Caribbean,Lower middle income
112,Hong Kong,Asia,431,118,416,0,21948,5307,26645,19774,974639,482118,634072,205114,1080,6890,0,4359,1893,1034618,509004,698535,246792,5804478,6252764,6095620,6672193,11,1558,398,1558,5693659,6145549,6513102,6555662,14613,31362,45871,41620,East Asia & Pacific,High income
113,Howland Island,0,0,0,0,0,0,0,0,0,0,0,0,0,1,0,0,0,0,0,0,0,0,0,0,0,0,0,7,0,7,0,0,0,0,0,0,0,0,,
114,Hungary,Europe,15257,5179,11840,2376,88187,19574,43672,9678,293387,179957,313355,177645,93117,171306,143343,288605,263548,1225112,554737,1064297,638322,15032070,14719482,9735194,14221758,259,138235,3023,138235,7878700,7521400,7334159,7278894,217818,159615,398980,333608,Europe & Central Asia,High income
115,Iceland,Europe,1290,0,4036,1911,42686,5091,13521,3461,91847,69673,92889,36576,102690,0,14145,2802,11340,204328,110251,165618,66303,620609,703269,341688,862925,22,247308,224,247308,368472,454642,552470,590086,28334,24637,93663,52383,Europe & Central Asia,High income
116,Ilemi triangle,0,0,0,0,0,0,0,0,0,0,0,0,0,3186,0,0,0,0,12264,6106,10569,4632,14291,20462,24367,29628,0,3358,0,3358,0,0,0,0,0,0,0,0,,
117,India,Asia,6627004,3807550,7313544,2500588,66449753,25349505,56641137,13364378,162780969,83594560,137663347,73416417,2962804,24689346,17679142,27316598,30748936,507571606,292635987,478620261,222724459,1139447807,1334454317,1378607416,1629138309,59295,3245716,195335,3245716,646302285,779187551,848249625,929540874,69496203,59544127,132063879,124860541,South Asia,Lower middle income
118,Indonesia,Asia,620972,310291,744685,391359,6652077,1532959,4403371,1252379,34349394,17915425,32460945,16561843,1887792,2245466,3118480,3201142,4113187,67195295,32669957,61277831,31248468,212391051,241848078,267011376,288818575,6288,1950906,44000,1950906,137030280,158695843,177437250,190850448,5985424,5526264,14885016,11272894,East Asia & Pacific,Upper middle income
119,"Iran, Islamic Republic of",Asia,191699,83578,134348,26833,5259346,873555,1601626,258237,22149214,12087216,16906258,5650003,1677332,511183,322461,953175,625438,35002470,16691446,24307680,8476633,79115833,90882951,87112085,111966707,1956,2009405,13473,2009405,57926323,68564038,81698871,87164219,3074690,1312211,8885181,4433772,Middle East & North Africa,Upper middle income
120,Iraq,Asia,117342,80038,137080,48244,3805561,647374,1745925,353633,14481186,10406526,19386160,9475493,436024,285894,193164,279121,343840,22269396,13628385,26018893,12433214,29576205,37573510,42546470,63559803,1320,524129,6329,524129,20552662,28165137,40232932,50881899,1880869,1363862,5816891,3561755,Middle East & North Africa,Upper middle income
121,Ireland,Europe,25073,6537,18535,4278,254758,33944,75288,10061,713787,369225,648098,344916,69972,50394,35855,78189,85544,2251429,855944,1513277,790774,6198889,7445250,4842430,8671052,161,120155,1523,120155,2850818,3507245,3930973,4243318,184443,72107,601907,273803,Europe & Central Asia,High income
122,Isle of Man,Europe,957,9,446,889,5512,2689,3432,0,3480,869,866,3527,574,444,12273,4683,9527,21802,8327,16892,11765,127301,141159,81260,144507,6,1089,27,1089,63871,67372,75261,65137,11234,0,13826,10468,Europe & Central Asia,High income
123,Israel,Asia,16477,2620,4343,280,397138,59383,173730,32199,2129167,1332528,2551022,1282171,20700,14301,2155,45476,16031,3101166,1679266,3269980,1613827,7049143,8450284,8510392,11707822,148,25087,1500,25087,5802053,7063068,8605654,10047067,234312,175258,737481,453213,Middle East & North Africa,High income
124,Italy,Europe,119599,26781,35870,3984,558797,79355,117714,8264,3380758,1606108,1854557,376272,301865,924241,778089,969438,1464648,7816405,3026799,3767000,1129426,77339105,81306103,58856112,78418329,1020,417503,16046,417503,46431517,49476222,49812635,48487345,1109262,500566,2694283,1434604,Europe & Central Asia,High income
125,Jamaica,North America,7235,5968,8698,1309,44825,14417,20828,4692,117537,64303,75234,37419,11006,61007,33171,58171,70286,560735,311639,457806,216629,2740516,2868631,2762760,2939845,54,12055,605,12055,1804637,1847616,1775460,1714779,51223,36638,96735,66601,Latin America & Caribbean,Upper middle income
126,Jammu and Kashmir,0,97743,57142,123566,58931,1525139,453753,943040,190288,2321758,1220592,1937616,1060203,186011,292520,321521,345742,426424,9461773,4874052,8080305,3672128,16959080,20564179,19486039,26172230,1290,228248,3722,228248,7623592,9775908,11471406,12960496,1430562,1002080,2828497,2396429,,
127,Japan,Asia,88941,20892,38362,11914,668285,108670,132497,19730,8095458,3430936,3132621,985982,374027,839624,861636,1488766,1275444,12334968,5065117,5503101,2212841,152590010,154241155,121982165,142697984,1319,486545,32297,486545,118838126,121082843,118707480,111950511,1411691,968774,3408178,1975438,East Asia & Pacific,High income
128,Jarvis Island,0,0,0,0,0,0,0,0,0,0,0,0,0,4,0,0,0,0,0,0,0,0,0,0,0,0,0,11,0,11,0,0,0,0,0,0,0,0,,
129,Jersey,Europe,0,0,0,0,2099,1044,3127,542,16937,9224,17172,8708,130,0,0,0,0,33883,18255,34504,16426,128988,143690,103004,177958,9,234,25,234,69202,76770,93136,109488,7142,7716,7142,15595,,
130,Johnston Atoll,0,0,0,0,0,0,0,0,0,0,0,0,0,6,0,0,0,0,0,0,0,0,0,0,0,0,0,13,0,13,0,0,0,0,0,0,0,0,,
131,Jordan,Asia,54208,27307,43924,3382,812802,180106,325304,29547,5234620,4004650,4901383,1102200,89175,102959,27239,121594,123794,6926038,4720550,5989802,1407447,5958224,8165763,10925153,14070655,300,105608,1405,105608,4566660,6604038,11054042,12126808,522750,210762,1320601,783702,Middle East & North Africa,Lower middle income
132,Juan de Nova Island,0,0,0,0,0,0,0,0,0,0,0,0,0,3,0,0,0,0,0,0,0,0,0,0,0,0,0,14,0,14,0,0,0,0,0,0,0,0,,
133,Kazakhstan,Asia,49265,29428,59724,14377,2355635,418067,844954,112000,3350065,2793831,4827090,2338206,2841098,265244,201729,408968,416448,7910651,4399997,7819567,3597470,22764721,24638246,18989429,30916930,855,4260325,6007,4260325,12799601,15091892,18354792,20879477,1239151,667592,3726056,2053263,Europe & Central Asia,Upper middle income
134,Kenya,Africa,952085,367504,635505,159611,4532139,1635654,4005826,815779,6213417,4891798,10507059,7206482,582507,1042440,809995,1727635,1401481,33920934,21137149,35095231,17108470,30828430,41559917,52031115,63247149,2787,589417,6551,589417,10331624,13530535,19163526,27113662,2840361,1937444,5752039,5487444,Sub-Saharan Africa,Lower middle income
135,Kingman Reef,0,0,0,0,0,0,0,0,0,0,0,0,0,312,0,0,0,0,0,0,0,0,0,0,0,0,0,491,0,491,0,0,0,0,0,0,0,0,,
136,Kiribati,Oceania,0,0,0,0,5008,1661,5734,1251,30374,19517,39557,21798,1317,0,0,0,0,46750,26536,54303,27871,83837,102639,79287,142754,0,2126,8,2126,28737,44216,68819,95650,5086,5063,9708,11878,East Asia & Pacific,Lower middle income
137,"Korea, Republic Of",Asia,102690,37014,42326,6627,2452390,417694,629629,47647,6280935,3634852,4242136,1307029,99123,403251,240003,563664,456382,12707401,6210121,7987879,2685964,56896194,59367631,50417969,62431056,968,128536,8044,128536,46413803,49031013,51997723,51313073,1335809,404460,4044512,1679834,East Asia & Pacific,High income
138,Kuril islands,0,0,0,469,45,292,0,0,0,265,656,0,0,5096,0,6364,0,6364,4757,3547,3444,1027,25573,22680,10897,18767,0,7899,4,7899,7415,8092,7167,0,0,0,1686,0,,
139,Kuwait,Asia,0,1356,4181,1141,142993,34975,51932,4138,2405652,1446451,1659029,232603,17404,6341,10827,0,15038,2740122,1604367,1870496,286263,2188912,3331447,4258216,5162893,64,20677,657,20677,1958941,3091096,4596247,4807384,69070,25483,231664,97527,Middle East & North Africa,High income
140,Kyrgyzstan,Asia,15242,9768,29635,7463,235969,64837,170257,38237,938105,599159,1322859,779962,199198,64954,61544,62560,124937,2327008,1356561,2680547,1356446,6515565,7249169,6342908,9859926,303,268767,1638,268767,3884543,4391264,5203242,6228027,318745,303526,605867,646003,,
141,Lao People's Democratic Republic,Asia,41087,19889,92679,45573,253917,80352,267116,78768,259481,179407,286622,213259,230347,105345,269354,113471,326012,2984299,1751945,3046552,1522833,5695174,6636744,7333269,8733030,485,247267,1522,247267,974323,1300497,1616258,1920554,330937,413618,608558,740719,East Asia & Pacific,Lower middle income
142,Latvia,Europe,1927,828,2022,628,3614,1226,2130,950,36139,16479,12976,5410,64575,62212,71776,91683,119394,126487,52181,102327,75086,4328319,3801870,1873365,3081026,48,119062,583,119062,2072148,1774464,1569760,1347176,40004,33938,55204,61737,Europe & Central Asia,High income
143,Lebanon,Asia,35172,18330,19853,5264,229776,67497,43700,3832,761998,400380,244004,24150,10142,90236,241720,117762,174953,1707519,870913,626332,116961,4864066,5620774,5317656,5316541,251,12674,970,12674,3031426,3608289,4167328,3224680,322253,92203,585968,229279,Middle East & North Africa,Lower middle income
144,Lesotho,Africa,12216,3246,10032,2302,53266,19286,54042,11465,119527,75344,120404,68925,30443,26818,21783,55281,37620,956808,616038,978225,432170,2299497,2324102,2241938,2872117,122,35671,485,35671,628541,644235,745863,857450,94712,75978,143065,167810,Sub-Saharan Africa,Lower middle income
145,Liberia,Africa,8576,5310,8474,4126,318936,39985,105603,23721,980264,666940,1385397,750960,96192,21406,18220,24815,25481,2327579,1154367,2357848,1246431,2914748,4046187,5079901,6319822,77,98569,573,98569,1409199,2059118,2805266,3647696,122975,110785,479787,238519,Sub-Saharan Africa,Low income
146,Libya,Africa,21550,10676,11561,858,482418,126614,182168,14586,583102,367022,571346,405100,1621337,80058,9423,77090,65664,2110082,1003796,1631075,892294,6075384,7651289,6592679,8718331,288,1832847,1850,1832847,3331973,4511037,4720499,5259833,375993,151893,1052738,531618,Middle East & North Africa,Upper middle income
147,Liechtenstein,Europe,4671,0,0,0,0,0,0,0,0,0,0,0,149,0,0,28208,0,10940,6189,10694,5544,47306,51376,38005,58884,0,267,0,267,24927,0,0,0,0,0,0,0,Europe & Central Asia,High income
148,Lithuania,Europe,7741,935,5095,1637,34795,7699,9729,1585,95681,55231,48347,19489,64968,103077,82460,201182,156451,361797,157398,258728,161042,6302405,5492706,2815168,4473475,110,115106,921,115106,3140873,2571082,2276578,1938422,81398,20814,130586,80015,Europe & Central Asia,High income
149,Luxembourg,Europe,1879,2014,5191,793,50273,9173,18412,2649,100635,91884,135413,50063,2616,14764,9924,10149,25016,308053,192853,304585,123883,678727,789146,627047,1083079,41,4262,198,4262,247037,366851,499006,556017,53555,19525,161013,76041,Europe & Central Asia,High income
150,Ma'tan al-Sarra,0,0,0,0,0,0,0,0,0,0,0,0,0,1975,0,0,0,0,0,0,0,0,0,0,0,0,0,2303,0,2303,0,0,0,0,0,0,0,0,,
151,Macau,Asia,44,44,0,0,6257,205,269,57,181534,106491,172872,68173,14,164,0,164,0,188050,106821,173401,68483,339408,435343,463206,593186,1,37,10,37,336559,433796,524267,592179,586,192,8303,600,East Asia & Pacific,High income
152,"Macedonia, The Former Yugoslav Republic Of",Europe,3752,1962,368,516,40756,6389,6079,1598,126174,68263,68463,16565,25416,19624,29669,19624,8526,358643,161925,204044,81118,2733474,2808025,2117698,2777764,43,34578,470,34578,1562175,1643879,1666809,1605243,53071,23645,146781,35898,,
153,Madagascar,Africa,91247,72363,155741,126737,2167969,686966,2252315,717653,3529147,2712162,5804531,3735004,590104,341169,496337,325481,460612,14592349,8478727,17553092,9763800,17164390,23021128,27982731,37752714,1857,634373,4281,634373,4316017,6936752,10829243,15801273,1786388,2038954,3571572,3967240,Sub-Saharan Africa,Low income
154,Madeira Islands,0,749,137,132,0,745,151,289,1,37956,15953,23888,9335,830,11722,0,11722,10826,49342,18601,29283,12362,313556,317108,254599,305006,1,1133,49,1133,167747,176244,171980,177255,1857,1,3916,1984,,
155,Malawi,Africa,560575,411931,1106637,380916,1172791,422284,1143116,407112,1410892,1025548,2053721,1415135,118732,1630767,1692762,1311535,2773767,10223311,6091466,12119775,6544751,11622710,15220359,19423989,25779918,2259,124500,4358,124500,2758224,4522192,5566228,7190749,1390869,1612384,2334843,2456734,Sub-Saharan Africa,Low income
156,Malaysia,Asia,62976,14980,30479,8811,1710546,421484,763394,99460,6176226,3392691,5667203,2542513,329749,146783,99307,272321,184357,11424878,5675167,9574213,4219262,22621971,28335259,32642273,36236816,832,338370,6290,338370,14201692,18735827,22692016,25548281,1117142,681554,2962278,1855602,East Asia & Pacific,Upper middle income
157,Maldives,Asia,2,0,0,0,10165,1608,2975,1083,117995,82269,80838,7067,1193,0,0,3982,0,188048,121051,122529,19488,240557,302625,261940,416126,3,1857,10,1857,92091,131200,218954,217800,5485,1083,13130,6853,South Asia,Upper middle income
158,Mali,Africa,21560,16404,28553,17926,1326612,395769,1305607,316159,3465202,2162689,5119998,3311838,1251533,64585,69437,72805,67100,10852810,6063315,13728522,7759490,11546444,15972241,21225324,29526915,599,1325009,2000,1325009,3923918,6207113,9382225,13887557,1088145,1250863,2132129,2614745,Sub-Saharan Africa,Low income
159,Malta,Europe,0,0,313,80,15960,10860,16408,488,103241,86955,108249,27349,318,0,8476,0,8476,146942,118103,151922,35744,489376,512805,496328,662366,29,501,153,501,399396,411472,542502,563689,45537,3886,46524,53521,Middle East & North Africa,High income
160,Marshall Islands,Oceania,2,0,0,0,22,0,6,204,2982,231,373,950,1353,3698,0,3698,0,3218,329,781,2155,44995,44641,14146,37664,1,1949,4,1949,20071,22282,16321,21305,835,4098,835,1111,East Asia & Pacific,Upper middle income
161,Martinique,North America,903,152,505,215,4210,453,1119,294,8184,4669,6267,2835,1139,12571,4537,27043,16197,34831,15309,25123,12167,438970,397840,343899,367158,5,1346,121,1346,261086,228531,199126,195247,2750,6357,21209,9220,,
162,Mauritania,Africa,13109,3305,2875,389,445307,91439,214950,43309,1004623,704873,1617032,979950,1038420,21371,1233,39665,18457,2886458,1757627,3216139,1575702,2806416,3564099,4461175,6080252,133,1117619,543,1117619,1258193,1819791,2584890,3664734,203529,132162,588464,381079,Sub-Saharan Africa,Lower middle income
163,Mauritius,Africa,4143,281,1488,1218,23008,569,1056,561,132358,48388,58330,18064,2047,5821,12269,21514,12830,287403,103177,155477,69597,1295921,1365737,1265655,1386427,9,2441,323,2441,912795,986090,984107,971206,6444,7171,76199,8877,Sub-Saharan Africa,Upper middle income
164,Mayotte,Africa,8093,4157,7461,0,24244,7031,28550,7841,93779,68935,144461,82234,417,23222,0,26807,26526,151291,96934,201505,104648,165444,219897,281119,421233,15,539,58,539,118455,166487,240878,353340,24529,30377,47358,61573,,
165,Mexico,North America,418953,201691,365395,65275,4571597,1112345,2052084,265400,19679273,9405662,14684307,6761164,1952550,941945,597816,1241978,1300494,40466050,20555116,30966372,12861715,105164566,120904314,125625976,144511676,3578,2165140,22496,2165140,72549911,84962566,94757201,102168094,4305466,2191449,9415816,6556562,Latin America & Caribbean,Upper middle income
166,"Micronesia, Federated States of",Oceania,12,3,5,0,39,0,5982,4046,1199,719,1591,973,1321,4648,0,5039,4302,15156,9522,23239,14130,103503,100015,73204,114885,0,1871,6,1871,17205,16673,12227,20472,0,7292,242,7292,East Asia & Pacific,Lower middle income
167,Midway Island,0,0,0,0,0,0,0,0,0,0,0,0,0,24,0,0,0,0,0,0,0,0,0,0,0,0,0,33,0,33,0,0,0,0,0,0,0,0,,
168,"Moldova, Republic of",Europe,7904,1129,5906,4311,4651,1008,4585,4923,62291,20520,78963,87683,33809,200156,48091,347352,206354,199310,66456,256242,252765,6245076,5400082,3077540,4656760,102,50817,961,50817,3241426,2570761,1965603,2022485,75020,52946,82139,88315,Europe & Central Asia,Upper middle income
169,Monaco,Europe,0,0,0,0,222,0,0,0,562,211,488,482,7,0,0,0,0,1152,388,722,563,11410,12453,16413,12611,0,23,4,23,6912,9842,9588,10028,0,0,2128,0,Europe & Central Asia,High income
170,Mongolia,Asia,1515,80,1305,1252,140389,32627,97449,19357,1250553,770582,1273974,533411,1564512,8231,20451,58208,23409,1631743,975378,1686193,717578,3653295,4031029,3290753,5569122,90,2293470,682,2293470,1862301,2324599,3176877,3748131,130886,92178,254206,244514,East Asia & Pacific,Upper middle income
171,Montenegro,Europe,2059,171,1145,235,16143,3165,5071,376,53040,31129,35993,9954,13766,11617,11779,21216,20936,144741,68658,104513,43275,832211,828914,605553,816873,17,19374,157,19374,540376,533033,521879,502957,15543,13197,49296,28946,Europe & Central Asia,Upper middle income
172,Montserrat,North America,0,0,0,0,0,0,0,0,0,0,0,0,99,0,0,0,0,882,507,588,168,5471,5226,4319,4486,0,132,0,132,0,0,0,0,0,0,0,0,,
173,Morocco,Africa,95633,29567,44671,6916,1507004,248979,556667,119392,7165293,3986501,7104256,3507536,414193,198030,130058,444865,259279,11489138,5716280,10038685,4785829,34141629,38806942,36556227,48069918,840,491734,5725,491734,22457098,26595498,31064774,34855773,1031780,662993,2918483,1710025,Middle East & North Africa,Lower middle income
174,Mozambique,Africa,65206,56365,102099,91111,2797690,688756,2173603,618373,3744246,2913154,6492146,4162637,787429,251703,346618,237600,316869,17709338,10881504,21633490,11513839,18752894,24331230,31042358,43087778,1702,836165,4665,836165,8228361,10980480,14594099,20254185,1592040,1975518,3871143,3742805,Sub-Saharan Africa,Low income
175,Myanmar,Asia,148942,68330,130326,65419,2116936,688348,1455949,365105,7021055,3377723,6327662,3669658,667019,669455,557157,789698,776340,16684688,8370274,14429995,7097173,47564295,51546309,52402416,59477090,1774,730451,7445,730451,29415496,30876106,33086846,36065757,1963744,1450989,4175488,3215805,East Asia & Pacific,Lower middle income
176,Namibia,Africa,2321,87,4437,2911,64279,21707,61638,8302,329407,180433,396380,245339,824022,1143,12171,11224,10084,1295891,769133,1367122,723518,1950120,2253265,2516049,3129645,52,898632,307,898632,516799,712422,961765,1248126,77478,52839,137871,151856,Sub-Saharan Africa,Upper middle income
177,Nauru,Oceania,0,0,1552,659,263,142,0,0,2936,2120,1887,735,18,0,6252,0,5542,3396,2397,3842,1448,9805,9671,9272,12547,2,30,14,30,8611,8589,10884,5540,637,0,912,0,East Asia & Pacific,High income
178,Navassa Island,0,0,0,0,0,0,0,0,0,0,0,0,0,3,0,0,0,0,0,0,0,0,0,0,0,0,0,10,0,10,0,0,0,0,0,0,0,0,,
179,Nepal,Asia,597669,300918,546275,131912,3492439,1006468,2668500,673046,3813317,2719840,4826066,2911233,147463,1366510,779835,1502626,1648078,16640907,8978055,15586688,7807678,27649678,30574046,29258157,37294588,2594,169822,7109,169822,9776670,11475611,13804047,17715674,2477129,2525851,5121759,4992506,South Asia,Lower middle income
180,Netherlands,Europe,13812,3906,7710,2212,653787,84455,140662,18833,1733185,1130957,1723102,717626,35192,118331,127189,219631,185435,3797448,1835128,3153254,1555737,25704230,26859525,17303828,29006171,386,59318,7115,59318,18134230,19099447,20213495,20736013,419690,248909,1403538,627195,Europe & Central Asia,High income
181,Netherlands Antilles,0,442,1857,1995,0,53715,15590,24335,1593,25086,32031,36950,14591,820,4608,0,819,4753,109036,65374,82490,23226,192964,220658,257200,280491,37,1060,125,1060,76383,130340,204511,216354,50704,6235,115498,61977,,
182,New Caledonia,Oceania,0,8011,13570,0,37333,7184,17444,3874,13309,17324,26832,13042,18913,18787,0,0,21964,97389,47453,86592,40442,236100,278351,271842,332525,20,22020,57,22020,92261,137656,168492,194032,24353,13460,63475,38273,East Asia & Pacific,High income
183,New Zealand,Oceania,8133,6861,5534,180,120723,46652,95403,15052,1048190,690557,1041797,376677,270723,32192,3107,33072,18355,1827871,1183620,1744173,611574,4929323,5551947,4913302,7005824,227,371280,2257,371280,2931677,3454176,4285589,4773739,212488,117796,375551,331111,East Asia & Pacific,High income
184,Nicaragua,North America,2861,819,3823,3454,270802,80306,183105,42894,615885,341395,688435,396445,128543,6140,21102,16023,15413,2124284,1212392,2283642,1143382,5251978,6002059,6708291,7875371,128,133977,780,133977,3196075,3609944,4001324,4475335,195716,163558,442462,375286,Latin America & Caribbean,Lower middle income
185,Niger,Africa,46136,36168,73467,173685,1886863,621449,2502696,955183,3111652,1999178,4744953,3311335,1182464,159196,537865,147935,184782,13822357,8674841,19439231,11178526,11964667,17117381,24279402,36188872,1067,1250962,2391,1250962,5604349,8216073,11155746,16986968,1400181,2885023,2878942,4296198,Sub-Saharan Africa,Low income
186,Nigeria,Africa,561255,277261,766057,449717,18738763,3531760,10244410,2797067,40092816,25684608,52365901,29869118,909042,1437385,2375853,1514576,2427368,94235500,50907251,105798958,56593878,124557117,163033962,208075269,265836454,7578,932187,29715,932187,83321849,112798705,146039438,183883501,10450292,10561454,28710013,21874196,Sub-Saharan Africa,Lower middle income
187,Niue,Oceania,0,0,0,0,0,0,0,0,0,0,0,0,260,0,0,0,0,551,450,674,236,2414,2083,1622,2175,0,320,0,320,0,0,0,0,0,0,0,0,,
188,Norfolk Island,Oceania,0,0,0,0,0,0,0,0,0,0,0,0,40,0,0,0,0,14,3,29,28,3061,2827,2083,2136,0,72,0,72,0,0,0,0,0,0,0,0,,
189,Northern Mariana Islands,Oceania,4,0,0,0,0,0,0,0,114,16,107,864,467,0,0,2712,0,606,167,799,2992,80958,54563,46743,51700,0,714,7,714,29632,15015,13706,14571,0,0,0,0,East Asia & Pacific,High income
190,Norway,Europe,14624,9345,10752,615,229728,42316,131544,35254,790863,463925,802842,388696,324042,80681,23522,80780,64864,2157120,1090413,1891913,901835,8698947,9468522,4939997,11110325,270,783279,2201,783279,3668016,4347311,4992984,5597830,301385,288973,716922,567124,Europe & Central Asia,High income
191,Oman,Asia,25403,22277,30261,5354,513979,305226,594645,61561,1018375,913261,1319798,545397,308318,85795,88287,79433,126061,2503142,1948568,2861772,992436,2488839,3103543,4430624,5443927,400,333696,998,333696,1178554,1527795,2932852,3566062,641254,311832,852997,1023124,Middle East & North Africa,High income
192,Pakistan,Asia,1733737,907154,1977949,696109,9669848,3732646,9756474,2909234,40037279,21135514,40839821,23050021,788982,5800215,3648856,6790158,7056785,97445455,56054793,108701064,56630367,175108636,221053827,222487295,312503848,6965,914970,26087,914970,107066324,137422980,153025965,184785925,8736805,12603899,17769949,19927255,South Asia,Lower middle income
193,Palau,Oceania,0,0,0,0,16,1,13,0,5,0,0,12,588,0,28,0,0,5056,3440,4703,1760,18325,17259,12087,17033,2,811,5,811,9741,7737,6375,5660,1146,0,829,1005,East Asia & Pacific,High income
194,Palmyra Atoll,0,0,0,0,0,0,0,0,0,0,0,0,0,17,0,0,0,0,0,0,0,0,0,0,0,0,0,21,0,21,0,0,0,0,0,0,0,0,,
195,Panama,North America,6099,1352,3344,853,153136,48363,106104,16192,684780,409014,818701,448327,75486,22997,23590,26592,36981,1515620,877133,1570298,763189,3017221,3641352,4183854,4896558,90,79522,638,79522,1697230,2129282,2605702,3090539,124658,88276,283030,229054,Latin America & Caribbean,High income
196,Papua New Guinea,Oceania,85339,55471,124854,56127,625267,236792,760936,234150,729745,459169,845930,556172,462262,178170,256464,157878,297102,4166540,2207289,4128895,1993604,5204607,7190952,9169066,11118533,797,478221,1594,478221,1140666,1899694,2921709,4071869,692980,820083,1127726,1515715,East Asia & Pacific,Lower middle income
197,Paracel Islands,0,0,0,0,0,0,0,0,0,0,0,0,0,25,0,0,0,0,105,85,87,7,438,465,345,477,0,50,0,50,0,0,0,0,0,0,0,0,,
198,Paraguay,South America,30062,21309,41037,9081,297871,101268,294253,59121,664525,473741,853634,488298,399375,103604,108165,87899,177502,1968075,1391240,2751897,1394942,5667165,6381705,6603759,8197029,229,439157,1222,439157,2826408,3483537,3815927,4072581,316331,272184,642423,633169,Latin America & Caribbean,Upper middle income
199,Peru,South America,44533,11408,29145,8947,646241,111178,309086,64038,5877134,3321303,5850606,2645399,1290970,70436,74895,187605,131846,8324401,4520706,8220122,3792753,27015731,29647577,33067335,37222352,325,1324944,3461,1324944,16563026,19552337,23141014,26039779,463915,407185,1295085,924679,Latin America & Caribbean,Upper middle income
200,Philippines,Asia,1372849,467849,984017,253395,5364960,1630280,5063836,1426477,17464854,10044295,19232062,10984786,295775,2222514,1418086,3832626,2923103,41782198,22417427,42180811,21731677,76952121,93676039,107074599,128351710,4906,320120,17315,320120,42503493,53454470,66214906,80442632,6049161,6224133,11751746,12385618,East Asia & Pacific,Lower middle income
201,Pitcairn,0,0,0,0,0,0,0,0,0,0,0,0,0,66,0,0,0,0,16,3,7,5,49,62,46,69,0,101,0,101,0,0,0,0,0,0,0,0,,
202,Poland,Europe,47055,18641,49351,13327,515243,96852,219328,45455,2042621,1128182,1532885,670722,312023,388046,317868,627976,621125,7943384,3631128,6414196,3566619,62144228,62316965,38394319,62530585,606,510056,9800,510056,30656322,29946348,29183534,29160915,588729,477505,1539736,1022925,Europe & Central Asia,High income
203,Portugal,Europe,23256,2170,13705,5129,35577,4441,13479,4044,632088,297137,533512,271644,88837,183368,204843,247324,346894,1220486,468027,907350,521646,12718771,13067094,9701601,12417713,133,117126,2230,117126,6469457,6745694,6780424,6769455,126166,99445,217712,196697,Europe & Central Asia,High income
204,Puerto Rico,North America,6578,1901,4377,934,8981,2780,10870,4308,53289,16769,40667,36963,9093,80473,16630,111418,77531,337843,143330,292266,196769,4030793,3915958,3233042,3431388,111,10043,836,10043,2028333,1910943,1658134,1685689,97232,86271,114111,164546,Latin America & Caribbean,High income
205,Qatar,Asia,1924,10183,6808,545,511434,153405,174793,5198,1520228,842494,925295,135548,11583,24989,13666,3852,16896,2343407,1211722,1357585,218977,707069,1881912,2743666,3146875,205,13306,607,13306,551728,1596873,2665465,2741714,269345,25233,599141,282289,Middle East & North Africa,High income
206,Romania,Europe,34070,7601,22334,6757,218543,51986,81534,11006,575463,301851,387986,182794,238117,254661,256490,546137,437271,2386346,1092281,1960406,1187085,31442538,29155922,19445166,27264892,439,343797,4217,343797,14942763,13506801,12971050,12588436,399388,117713,681677,456875,Europe & Central Asia,High income
207,Russian Federation,Europe,310458,117307,236183,60257,3442018,811641,1103208,134481,16695712,10002718,11182612,2956078,17000000,2150079,2530721,4401541,3781770,32218191,16936761,22155591,8249779,252803759,246197441,145203960,242482159,3562,36436360,49193,36436360,173181273,167127281,170477169,163196552,4001423,1945367,8318605,5164729,Europe & Central Asia,High income
208,Rwanda,Africa,372881,82799,161959,22190,704138,186064,702485,226422,921000,671669,1383231,857163,25385,308994,104698,863907,397856,7253793,4247989,7796820,3895403,8119069,10310142,13135555,16378222,289,26096,1004,26096,2451161,2700714,3435482,5016369,493893,841525,1105243,1379156,Sub-Saharan Africa,Low income
209,RÃ©union,Africa,1879,176,277,0,95413,6829,12124,1582,115536,57599,87680,41388,2506,6858,0,12767,5141,351601,109293,182341,85002,838723,949740,938693,1101993,37,2831,267,2831,516369,633722,703705,761238,42456,17201,186980,60690,,
210,"Saint Helena, Ascension and Tristan da Cunha",Africa,0,0,0,0,0,0,0,0,0,0,0,0,399,0,0,0,0,387,269,352,112,6360,5647,5260,5240,0,587,0,587,0,0,0,0,0,0,0,0,,
211,Saint Kitts and Nevis,North America,17,0,0,0,202,62,72,0,1219,764,734,203,252,0,0,309,0,9754,5833,7144,2158,46537,48602,42926,49434,1,344,11,344,12955,12539,12313,12210,1027,0,1027,1054,Latin America & Caribbean,High income
212,Saint Lucia,North America,3050,2280,2669,0,5373,1711,2298,214,6551,5010,7091,3226,610,12291,0,16258,12328,41745,24905,35960,13755,162532,173980,169715,186357,13,720,37,720,79289,81068,79670,80621,11429,1672,18958,12985,Latin America & Caribbean,Upper middle income
213,Saint Pierre and Miquelon,North America,0,0,0,0,0,0,0,0,0,0,0,0,236,0,0,0,0,722,746,1525,797,8595,8266,5098,7810,0,449,0,449,0,0,0,0,0,0,0,0,,
214,Saint Vincent and the Grenadines,North America,1506,949,1620,0,100,95,140,0,1746,1020,1220,659,478,20040,0,19897,18591,14933,11543,15025,5424,123239,117743,99106,110642,1,639,16,639,66372,62170,37069,36883,332,0,332,373,Latin America & Caribbean,Upper middle income
215,Samoa,Oceania,3,0,0,0,10422,1786,7192,2052,4547,6154,15315,11946,2848,0,0,1483,0,35886,20689,53634,33552,183326,193866,190680,247494,6,3198,57,3198,51290,64104,80047,104901,10214,12922,28812,25482,East Asia & Pacific,Lower middle income
216,San Marino,Europe,0,0,0,0,360,0,0,0,3320,1148,856,283,57,0,0,0,0,9446,3305,4706,2975,34423,40398,31589,42972,0,109,10,109,15404,19748,20681,19509,0,0,2285,0,Europe & Central Asia,High income
217,Sao Tome and Principe,Africa,0,0,0,0,3521,1017,2553,181,54065,29666,66114,37700,1004,0,0,0,0,75447,37200,82932,46229,144293,182929,199280,265037,7,1142,30,1142,92411,120476,157774,197183,7633,1708,11298,10593,Sub-Saharan Africa,Lower middle income
218,Saudi Arabia,Asia,44520,27263,36388,8698,3058209,1066783,1590573,100599,9910069,5885715,9041927,3698917,1925573,361757,127592,227228,316637,17083316,9560949,14650222,5542640,23395306,31963252,35775164,44041823,1181,2129955,6373,2129955,16922296,24230472,30427406,34266081,1885579,543811,4351552,2536862,Middle East & North Africa,High income
219,Scarborough Reef,0,0,0,0,0,0,0,0,0,0,0,0,0,46,0,0,0,0,0,0,0,0,0,0,0,0,0,92,0,92,0,0,0,0,0,0,0,0,,
220,Senegal,Africa,26509,18140,49519,27431,1048162,288054,676232,141572,3060759,1895909,4278851,2557332,196531,76573,135381,82480,127379,7062148,4108479,8883036,4842328,10013809,12925783,16224045,21785879,447,206145,1727,206145,6360728,8409716,10921428,14031010,712030,665522,1636377,1426847,Sub-Saharan Africa,Lower middle income
221,Senkaku Islands,0,0,0,0,0,0,0,0,0,0,0,0,0,10,0,0,0,0,0,0,0,0,0,0,0,0,0,21,0,21,0,0,0,0,0,0,0,0,,
222,Serbia,Europe,21561,3810,11088,3079,169591,25013,38286,6208,715876,364473,359261,125260,88488,208971,145355,403576,301990,1523271,642815,935130,506268,13595504,13158575,9020602,11873924,239,124643,2235,124643,7375520,7173319,7010287,6593703,198716,84256,496362,255622,Europe & Central Asia,Upper middle income
223,Seychelles,Africa,0,0,0,0,4778,2260,5136,711,4798,2763,5084,3753,531,0,0,0,0,25959,12776,18849,7209,77942,89797,90363,107713,8,962,14,962,16418,17880,33344,43955,12842,6886,12842,21090,Sub-Saharan Africa,High income
224,Sierra Leone,Africa,8183,3743,10290,4327,562669,97115,237626,47673,1595110,1021236,1957924,1009977,72386,19589,36442,20043,34877,3773182,1841835,3718226,1936363,4626146,6492359,8143216,10198533,249,74843,832,74843,2056295,3190509,4514384,5734875,328680,251448,906878,613977,Sub-Saharan Africa,Low income
225,Singapore,Asia,0,0,0,0,2967,302,9600,5170,1832858,844583,1600133,824593,581,0,0,0,0,1842111,848846,1613892,832481,4008951,5104718,5823059,6171572,2,730,410,730,3999829,5097543,5827888,6165350,703,11645,7740,14228,East Asia & Pacific,High income
226,Slovakia,Europe,7875,2799,7303,6299,28118,8433,24476,8700,159253,91593,133021,76357,49094,63316,57816,100533,87505,902002,458696,787283,435924,8119014,8150021,5468914,8386550,73,75291,1372,75291,3688945,3552775,3447827,3527636,52680,126394,136817,150642,Europe & Central Asia,High income
227,Slovenia,Europe,2081,766,1628,297,11831,2055,4370,785,85134,51902,81313,37121,20305,7784,21565,16979,27900,354249,166207,285535,160856,2843495,2945354,2099689,3010014,13,30045,515,30045,1007287,1056399,1099774,1100738,20496,16046,68255,35776,,
228,Solomon Islands,Oceania,0,0,711,630,12293,2995,12241,3365,46915,33742,80930,50931,28790,0,6831,0,4200,261207,151968,315714,167849,416875,525177,576022,835649,12,33500,58,33500,56737,87626,134314,193799,12979,15078,30661,28931,East Asia & Pacific,Lower middle income
229,Somalia,Africa,2011,1541,3639,33377,1701455,643299,1507912,362053,5521944,4155719,7140311,3888558,632864,30561,104728,25608,30137,9299818,6513251,11558960,5814922,8793767,12100599,16409985,22393280,422,645049,1187,645049,6719294,9685174,13362650,18027081,941113,863193,2003985,1999437,Sub-Saharan Africa,Low income
230,South Africa,Africa,237285,62990,117548,29938,1301810,297997,749474,149138,13425329,7515481,13122827,6040121,1220464,406124,311563,811268,570186,22198447,12079099,19978276,8906186,53284985,58950857,58739243,73606869,1577,1406879,16521,1406879,32579904,38448312,46241709,52791683,1458900,1222494,3242469,2691215,Sub-Saharan Africa,Upper middle income
231,South Georgia and the South Sandwich Islands,South America,0,0,0,0,0,0,0,0,0,0,0,0,3902,0,0,0,0,0,0,0,0,0,0,0,0,0,7686,0,7686,0,0,0,0,0,0,0,0,,
232,South Sudan,Africa,28956,93096,111423,125990,3285196,1136131,2783064,605793,1275049,1848053,3387725,2951590,629798,287602,475850,89566,306023,7847831,5230690,8628856,4866991,6191402,9834222,10601554,12620717,897,642378,1723,642378,2319196,4685632,6060731,8544457,1528889,1088972,3540928,3182672,Sub-Saharan Africa,Low income
233,Spain,Europe,77415,19432,45233,10656,1089600,167931,272065,33367,6415726,3444176,4270915,1008615,505886,660474,517111,481395,1055094,11424146,4718160,6817503,2454111,52167181,59537604,46231270,60175625,806,668743,8926,668743,34067999,39282041,41297477,41114598,943789,377009,2691306,1269870,Europe & Central Asia,High income
234,Spratly Islands,0,0,0,0,0,0,0,0,0,0,0,0,0,9,0,0,0,0,0,0,0,0,0,0,0,0,0,16,0,16,0,0,0,0,0,0,0,0,,
235,Sri Lanka,Asia,267292,124430,180646,22335,799448,330274,466814,58861,1819632,1260996,1655245,704261,66369,574558,169080,760359,604889,8212905,5190513,7281604,3342937,18875959,20778896,21438733,22304017,890,68407,4199,68407,8096362,9257147,9723875,10073697,775468,300197,1534473,960960,South Asia,Lower middle income
236,Sudan,Africa,64427,54604,108540,89060,6096373,2607668,5159496,733314,8181248,5835473,11722601,7582428,1843167,286178,393424,272939,375112,23705789,15856980,28347965,13439467,27223234,34945892,44475113,59006253,2004,1936292,6002,1936292,18403890,24367378,31173574,40528696,3950232,2325199,7530255,7128945,Sub-Saharan Africa,Low income
237,Suriname,South America,0,4902,3578,276,35039,10846,28245,5861,46771,22856,38687,22774,145075,13716,7806,0,14715,192345,88785,157307,74297,469828,538093,601253,657378,23,147732,147,147732,227157,275117,312074,354065,38803,32487,75307,70020,Latin America & Caribbean,Upper middle income
238,Svalbard and Jan Mayen,Europe,0,0,0,0,0,0,0,0,0,0,0,0,63338,0,0,0,0,4454,2579,4994,2415,8272,10147,2942,15141,0,335225,0,335225,0,0,0,0,0,0,0,0,,
239,Swaziland,Africa,11651,4517,14262,3655,15103,5530,4063,2570,36026,17283,23955,18693,17288,32825,46346,40246,64290,746843,487989,729806,348280,1151222,1228687,1181994,1457406,30,19722,162,19722,279247,273109,224182,203630,15486,11661,30087,13258,Sub-Saharan Africa,Lower middle income
240,Sweden,Europe,30925,17894,52912,10397,278969,90173,199463,37838,1730713,1179535,1832516,747816,449227,174683,140663,223096,293518,3533400,2130319,3552578,1576529,16880713,17816711,10104754,20851885,472,991564,4443,991564,8517081,9312086,10768217,11621382,522744,318727,920645,850490,Europe & Central Asia,High income
241,Switzerland,Europe,37456,14140,30489,6114,230362,59088,143084,23573,916900,560590,864224,358135,41276,108637,66526,160278,144105,2382258,1270527,2115015,937812,10555289,11487156,8647187,13407408,319,61397,2484,61397,5368122,6058706,6937783,7438500,441656,249447,857891,685667,Europe & Central Asia,High income
242,Syrian Arab Republic,Asia,51058,5855,129473,123131,574499,36778,705818,594282,3474366,768991,5942145,7454267,188069,260827,429865,215172,484098,5736538,1301272,9751087,11026106,19668175,26985463,20536391,36076993,231,231855,3273,231855,12578153,19074496,17181559,26181549,297345,1887884,1462878,2005410,Middle East & North Africa,Low income
243,Taiwan,Asia,20027,4258,13699,4782,173954,21450,65690,19131,2794811,1477837,2426761,1072825,36165,166070,267277,272455,369708,3868064,1962591,3183263,1417017,23993878,24983909,23509155,26063889,101,40528,3714,40528,20118901,21029813,21767076,22090084,134824,166266,457583,268933,East Asia & Pacific,High income
244,Tajikistan,Asia,104388,60350,112714,25868,741692,217115,559804,125768,1621940,1077139,2219631,1283487,141999,296117,185127,342750,385917,4397779,2558010,4983930,2456665,8056048,9783535,9559351,14664634,711,184351,2424,184351,4239073,5622742,7305678,9132745,871573,711392,1758030,1588755,Europe & Central Asia,Lower middle income
245,Thailand,Asia,250176,100066,296885,105419,2556019,552835,1501767,329308,9215491,5795005,9946841,4728222,515690,1815430,1699384,2173305,2748925,21077276,11657176,20711233,10146486,65308628,70683456,71484747,74708012,2453,543783,12098,543783,25640257,30559202,34654551,37502668,2275321,1978570,5149924,4037604,East Asia & Pacific,Upper middle income
246,Timor-Leste,0,12752,546,2726,6636,55574,18408,25202,4528,210244,134777,264438,141248,14904,4922,29290,45039,9205,504776,283522,522713,263274,884817,1096748,1282566,1504896,120,15735,288,15735,267519,356270,548419,676413,67144,20874,113803,72858,East Asia & Pacific,Lower middle income
247,Togo,Africa,21392,9398,29713,21957,866471,120039,273607,60145,1323733,902243,1899604,1102540,56770,50289,92189,74021,87153,3833855,2106244,4229415,2234203,4983089,6545128,8321023,10536069,291,58763,1193,58763,2979037,4173852,5264527,6529873,342766,268944,1217531,615296,Sub-Saharan Africa,Low income
248,Tokelau,Oceania,0,0,0,0,0,0,0,0,0,0,0,0,83,0,0,0,0,128,370,547,177,1347,1104,640,1651,0,103,0,103,0,0,0,0,0,0,0,0,,
249,Tonga,Oceania,1,0,0,0,259,0,185,156,6183,1435,7950,6516,808,0,0,2932,0,12076,3005,14134,11131,106540,111861,91703,119355,0,1297,23,1297,54268,55399,56013,63703,0,1362,1813,1362,East Asia & Pacific,Upper middle income
250,Trinidad and Tobago,North America,6153,2926,5846,1674,23047,6375,10882,1799,88634,54962,75958,29164,5204,45603,16740,43606,50828,261429,160121,232980,85231,1353269,1432747,1492451,1570923,25,5639,379,5639,921505,977148,982761,986169,26428,24889,63638,40984,Latin America & Caribbean,High income
251,Tromelin Island,0,0,0,0,0,0,0,0,0,0,0,0,0,3,0,0,0,0,0,0,0,0,0,0,0,0,0,5,0,5,0,0,0,0,0,0,0,0,,
252,Tunisia,Africa,12613,3556,6568,1717,448654,105615,212742,29396,1995421,1214221,2008543,892607,155436,28888,47137,61023,57150,3510336,1837987,3169637,1428787,12186763,13418036,12027802,16140900,322,190068,2483,190068,6929669,7988975,9500940,10476165,438968,223489,941917,690564,Middle East & North Africa,Lower middle income
253,Turkey,Asia,121819,56671,134747,48927,4280434,931661,1839116,282776,22775039,11703882,16464277,6309405,781403,420192,503572,884584,692321,34036994,16581204,25541972,10405218,80745877,92258202,81980375,112137934,1858,1013854,12221,1013854,56231386,67930359,80433235,84525042,2884343,1402891,6995268,4437960,Europe & Central Asia,Upper middle income
254,Turkmenistan,Asia,58232,24933,35129,3926,295651,79393,176119,27405,894465,599345,1098391,545621,555058,112400,38547,199897,128727,2180183,1280829,2274486,1018796,5879333,6777450,6262464,9045706,319,720650,1715,720650,2972961,3654300,4517852,5311603,362071,290799,800913,656654,Europe & Central Asia,Upper middle income
255,Turks and Caicos Islands,North America,0,3116,3680,89,16151,8607,8591,123,0,6000,6281,2324,594,4288,1630,0,5060,38840,36402,40598,9020,17157,27242,39665,50470,7,922,14,922,0,13351,20510,21082,11938,1045,20510,12138,Latin America & Caribbean,High income
256,Tuvalu,Oceania,0,0,0,0,3168,133,241,0,0,1795,3251,1563,121,0,0,0,0,3202,1940,3512,1572,9018,9698,6293,10389,0,207,2,207,0,4463,6722,8284,463,0,6722,570,East Asia & Pacific,Upper middle income
257,Uganda,Africa,1112406,692410,1486133,808750,3673204,1539689,3387910,1024234,2954334,2214996,4762637,3445396,241446,2230375,2828561,2557008,3255965,26715922,16168228,31502749,16859242,24097044,32437453,44479821,58485518,5832,244758,8888,244758,6596581,8972620,12473236,16732012,3517460,3151230,5418689,5651487,Sub-Saharan Africa,Low income
258,Ukraine,Europe,47737,13096,57577,33641,311700,55188,62733,29529,1883520,996703,782103,346360,600662,675228,1497498,1498238,1844599,4448656,2134158,2703987,1765311,74093328,69242867,43728918,58039642,493,920766,13079,920766,48410253,44756254,42499556,35857702,420761,569483,1159534,713209,Europe & Central Asia,Upper middle income
259,United Arab Emirates,Asia,30649,14850,26758,2160,1827728,207857,301877,16811,3401116,1685449,2177778,588375,71530,196155,30308,55456,196532,6543369,2521652,3447872,1004372,3572390,9213591,9023122,10889416,243,80421,2022,80421,2617049,7836871,8371847,8857394,381986,99718,2378495,491849,Middle East & North Africa,High income
260,United Republic of Tanzania,Africa,469523,261653,652315,412359,4840787,1556466,4615353,1313423,8701815,6105268,13519012,8606422,939999,1132134,1876389,1231357,1798084,35586477,21342162,42523909,22658554,34633402,45308607,61501516,82241917,5408,956662,11630,956662,11588301,17061808,26010370,37904342,4435705,5021415,7842859,9189588,Sub-Saharan Africa,Lower middle income
261,United States Virgin Islands,North America,184,1754,1663,0,966,0,40,9,1567,1211,1123,234,415,28623,0,9495,19864,12542,7655,8184,2146,113238,110970,96749,97215,0,592,29,592,47228,66648,32749,36982,0,6735,1526,104,Latin America & Caribbean,High income
262,United States of America,North America,2137081,398798,843137,342723,10503988,2534468,5505305,1017805,32160821,18996494,30489028,13944252,9325692,4214850,3628193,8501982,5567370,80679259,37237692,63108507,30486430,359891611,395743513,334388026,446828706,13910,13719909,127958,13719909,174869062,199601836,227729301,247229925,14680201,11381687,30929089,24681963,North America,High income
263,Uruguay,South America,9086,3217,4744,73,33502,7385,16513,2832,274930,135488,213468,94439,177915,26599,696,42044,26121,472940,218213,353400,160678,3942924,4016483,3404468,4103503,41,213564,836,213564,2974774,3063922,3148633,3143986,60034,29708,118748,89733,Latin America & Caribbean,High income
264,Uzbekistan,Asia,228844,69631,232726,80711,1664874,547476,1345823,269377,4323425,2688920,5227994,2986536,449496,466580,618026,875680,909430,11739745,6701244,12857103,6281765,32816058,37642281,33605519,50342848,1979,607812,9764,607812,18791155,22413075,26988826,31392396,2452141,1962580,4873338,4517277,Europe & Central Asia,Lower middle income
265,Vanuatu,Oceania,1426,1279,2872,0,4147,1020,8251,3334,26550,14116,32704,19998,12187,5392,0,3319,6934,120642,66702,146344,79896,193561,247342,263994,393536,3,14592,24,14592,34659,52128,66472,97899,4356,11570,7335,17271,East Asia & Pacific,Lower middle income
266,Venezuela,South America,38461,6525,19106,8372,815374,66331,222551,79884,3369844,1132381,2815067,2602365,912600,124557,53699,170323,102606,5571338,1643560,4284625,3642944,24755110,29096347,28242361,32435460,213,932166,4771,932166,19823244,23688507,23359529,26372220,282240,502332,1570874,751870,Latin America & Caribbean,
267,Viet Nam,Asia,514731,136727,297199,94987,4303056,877859,1858602,395949,15052197,7631740,12458574,6177239,327823,1268739,1027655,2355111,1690144,34910461,16459004,27661022,13608304,82391671,90982836,96039800,106500363,2817,350541,15734,350541,43279024,50272516,56909025,61073986,2965870,1993935,8024593,4699601,East Asia & Pacific,Lower middle income
268,Wake Island,0,0,0,0,0,0,0,0,0,0,0,0,0,11,0,0,0,0,0,0,0,0,0,0,0,0,0,24,0,24,0,0,0,0,0,0,0,0,,
269,Wallis and Futuna,Oceania,0,0,0,0,0,0,0,0,0,0,0,0,155,0,0,0,0,99,22,19,0,14759,13190,10138,11268,0,239,0,239,0,0,0,0,0,0,0,0,,
270,West Bank,0,21302,6593,22099,10239,168930,42657,135681,30218,891441,563823,1193337,675062,5874,29483,52953,56369,58221,1386514,791621,1717126,926309,2520981,3115654,3330283,4831672,122,7285,667,7285,1788535,2290178,3028032,3807915,196959,148650,383453,361144,Middle East & North Africa,Lower middle income
271,Western Sahara,0,19035,0,0,0,42917,6315,26021,8710,203543,119081,195717,82257,268899,0,0,51599,0,312710,154570,269302,115042,290580,446403,524560,714278,9,298572,51,298572,212057,302867,444313,576743,22378,50266,62156,78188,,
272,Yemen,Asia,139523,66702,150491,84028,2435840,1076085,2457479,569337,8581904,5258214,10202400,5744243,453689,328596,393553,438926,447919,14651933,8584138,16334027,8104940,19169026,25439612,32170509,40993951,1185,477186,3667,477186,12665975,17837811,24567403,31494994,2176111,1708253,3934783,4152905,Middle East & North Africa,Low income
273,Zambia,Africa,16993,18347,33348,15397,1038459,224537,710420,178966,3574229,2243825,4976758,2960405,750983,67624,106942,53140,109724,10076667,5722632,11886981,6428579,10176409,14179804,18903181,25376163,507,780663,2259,780663,4213138,6472109,9249685,12599812,660232,559215,1659729,1345446,Sub-Saharan Africa,Lower middle income
274,Zimbabwe,Africa,20563,7950,11191,3686,614967,301654,453314,47474,540661,410428,816131,813115,390629,72107,45144,111610,62311,9009330,6086757,10146867,5115369,12497034,13559017,15669569,20246303,435,417287,1742,417287,4397745,4611014,4820412,5744957,540485,233331,886559,788165,Sub-Saharan Africa,Lower middle income
