country,UrbanPopulation2020
Montenegro,521879.3792082748
Serbia,7010287.20297281
South Sudan,6060730.892516155
Sudan,3.117357408812105E7
Taiwan,2.176707558278101E7
Cocos (Keeling) Islands,0.0
Christmas Island,0.0
Ashmore and Cartier Islands,0.0
Faroe Islands,27695.044685298322
Mayotte,240878.18388763614
Réunion,703705.1277078005
Tromelin Island,0.0
Juan de Nova Island,0.0
Glorioso Island,0.0
Europa Island,0.0
Bassas da India,0.0
Saint Pierre et Miquelon,0.0
French Southern and Antarctic Territories,0.0
Denmark,5353555.137011246
The former Yugoslav Republic of Macedonia,1666808.8604784813
Croatia,2539396.8840397634
Malta,542501.9956600863
San Marino,20680.831782228764
Slovenia,1099774.117523883
Greece,7698883.217311889
Italy,4.981263515317285E7
Portugal,6780424.324849545
Spain,4.129747682005919E7
Bosnia and Herzegovina,1736453.776626199
Andorra,47085.58817450702
Albania,2199249.3302340186
Monaco,9588.07480525144
Netherlands,2.0213494628217865E7
Luxembourg,499006.3603294352
Liechtenstein,0.0
France,4.74806567515107E7
Germany,7.477838009952335E7
Switzerland,6937783.365088277
Belgium,9441689.626509648
Austria,6280230.113490375
Australia,4097478.6864402955
Palau,6375.104855336518
Canada,2.3157835504002236E7
Canada,966699.9588484702
Canada,228648.82673299074
Mozambique,1.4594098777701458E7
Mauritius,984107.2887107218
Malawi,5566228.153041028
Rwanda,3435481.6057107355
Somalia,1.3362650485802598E7
Zambia,9249685.208723836
Kenya,1.91635256250075E7
Madagascar,1.0829242740069974E7
Seychelles,33344.32043607458
United Republic of Tanzania,2.6010369800276425E7
Uganda,1.2473236353139237E7
Zimbabwe,4820412.02671588
Ethiopia,5.2741569022701964E7
Eritrea,2123766.2018570225
Djibouti,962613.424608658
Comoros,576902.4775415738
Burundi,3601700.6841650275
Gabon,1745769.382058754
Equatorial Guinea,1379578.4219127744
Chad,7869533.880009389
Sao Tome and Principe,157774.3445812339
Congo,4831955.964850133
Democratic Republic of the Congo,6.14782780673607E7
Cameroon,1.8121679562551145E7
Central African Republic,2805942.330502583
Angola,2.4351162446875457E7
Morocco,3.1064774492329344E7
Libya,4720499.390229026
Tunisia,9500939.753976298
Egypt,1.0662011839201872E8
Algeria,3.6195228782356955E7
Namibia,961765.2914515312
Swaziland,224181.68077658644
Lesotho,745863.1848151135
South Africa,4.6241708608028285E7
Botswana,1594591.359456713
Togo,5264526.634613201
Sierra Leone,4514383.885625629
Senegal,1.0921428232695974E7
Nigeria,1.4603943813742855E8
Niger,1.1155746104040492E7
Mauritania,2584889.662021742
Mali,9382225.030895136
Liberia,2805266.266844385
Guinea-Bissau,1021618.3774950977
Gambia,1876602.5254376235
Guinea,6704189.63794959
Ghana,2.264224887005629E7
Cape Verde,399296.7563444368
Côte d'Ivoire,1.6646518017936667E7
Burkina Faso,9713199.678200455
Benin,7670087.894622346
Brazil,1.656348783745534E8
Turkmenistan,4517852.457195371
Uzbekistan,2.6988826259694494E7
Tajikistan,7305677.823485774
Kyrgyzstan,5203241.639709898
Kazakhstan,1.835479242926958E7
Mongolia,3176876.8356302856
Republic of Korea,5.1997722544485435E7
Dem People's Rep of Korea,2.6128703707147557E7
China,1.03542565180519E9
Myanmar,3.3086845684316527E7
Cambodia,6865632.117289608
Viet Nam,5.69090250691793E7
Lao People's Democratic Republic,1616257.8759233917
Malaysia,2.269201617117437E7
Thailand,3.465455097299893E7
Brunei Darussalam,249974.31378976372
Philippines,6.621490566633795E7
Indonesia,1.7743725008516642E8
Singapore,5827888.067044511
Timor-Leste,548419.1756970612
Maldives,218954.41194124287
Nepal,1.3804047399618546E7
Pakistan,1.5302596512001175E8
India,8.482496246939793E8
Iran  (Islamic Republic of),8.169887065579763E7
Sri Lanka,9723875.358838731
Bhutan,280418.0146618273
Bangladesh,1.1247693353943676E8
Afghanistan,3.2273966147966288E7
Oman,2932851.6046576286
Kuwait,4596247.283270218
Lebanon,4167327.984476991
Qatar,2665464.802976384
Saudi Arabia,3.0427406403138112E7
Turkey,8.043323491951841E7
Yemen,2.456740299127139E7
Iraq,4.023293207532377E7
Jordan,1.1054042129937481E7
Syrian Arab Republic,1.7181558731087543E7
Israel,8605654.376095757
Georgia,2779739.1555007272
Cyprus,916810.7670767959
Bahrain,1071816.2384230152
Azerbaijan,9022410.908020599
Armenia,2294935.564616136
United Arab Emirates,8371846.87736273
"Moldova, Republic of",1965603.0412402735
Hungary,7334158.82966913
Poland,2.918353424693411E7
Romania,1.2971050391878154E7
Ukraine,4.2499555517454766E7
Belarus,1.1005559921509271E7
Czech Republic,7587309.435734362
Slovakia,3447827.161993541
Bulgaria,4875402.566874997
Norway,4992983.576467248
Sweden,1.076821692509114E7
Lithuania,2276577.9807750527
Latvia,1569760.2305162682
Ireland,3930972.760891196
Iceland,552469.7682828942
U.K. of Great Britain and Northern Ireland,8.35410029047788E7
Finland,4651946.515733513
Estonia,1374180.5196152823
Svalbard and Jan Mayen Islands,0.0
Madeira Islands,171980.45989323623
Azores Islands,102653.4960601455
British Indian Ocean Territory,0.0
Guernsey,38283.25211809189
Jersey,93136.48152479154
Isle of Man,75261.11308022293
Holy See,1507.8542437040778
Greenland,19127.783691350618
Western Sahara,444312.62680917216
Gaza Strip,2033532.2728535822
West Bank,107754.25743901375
West Bank,2920278.359808546
Gibraltar,30205.49869021354
Saint Helena,0.0
Macau,524267.37441123603
Hong Kong,6513102.175716134
Abyei,9964.271016378474
Ilemi triangle,0.0
Hala'ib triangle,0.0
Ma'tan al-Sarra,0.0
Paracel Islands,0.0
Senkaku Islands,0.0
Scarborough Reef,0.0
China/India,0.0
Aksai Chin,0.0
Spratly Islands,0.0
Jammu and Kashmir,1.1471406015399389E7
Arunachal Pradesh,416101.19215826265
Norfolk Island,0.0
Wallis and Futuna,0.0
French Polynesia,171337.08821759777
New Zealand,4285589.274850909
Australia,6635767.564482752
Australia,1.140810406988524E7
Papua New Guinea,2921708.7822157387
Vanuatu,66471.7109204635
Solomon Islands,134313.51371066427
Fiji,361800.8542909396
Marshall Islands,16321.169136905584
Nauru,10884.070921140377
Micronesia (Federated States of),12226.600234047753
Kiribati,68818.63598865634
Samoa,80046.95242631332
Tonga,56013.063384400004
Tuvalu,6721.513893832411
Canada,0.0
Canada,5310038.677470674
Canada,345324.03850775363
Canada,6478790.1424538195
Canada,1351470.2434828617
Canada,0.0
Canada,12272.888940700122
United States of America,8.144262840993355E7
United States of America,5.75794852941818E7
United States of America,1.14440450606079E7
Japan,1.1870747973151635E8
Russian Federation,1.7047716918251252E8
Cook Islands,0.0
Niue,0.0
Northern Mariana Islands,13706.41323365708
Wake Island,0.0
Jarvis Island,0.0
New Caledonia,168492.29878946583
Tokelau,0.0
Guam,52705.23129454
American Samoa,35852.86951843348
Kuril islands,7166.774732226346
Martinique,199126.06460563265
Guadeloupe,188934.68290470936
Clipperton Island,0.0
Dominica,23208.70264671053
Dominican Republic,8774550.25805828
Antigua and Barbuda,33190.01395315741
Cuba,9134936.42177513
Grenada,30801.90382016383
Jamaica,1775459.7419116118
Saint Kitts and Nevis,12313.141349109548
Trinidad and Tobago,982761.1653306345
Bahamas,299635.44618697703
Saint Lucia,79669.64140698416
Saint Vincent and the Grenadines,37069.44806399099
Barbados,172562.67073678933
Haiti,6788225.453111876
Panama,2605702.349539776
El Salvador,4061001.413251219
Nicaragua,4001324.2649079654
Mexico,9.475720119025326E7
Honduras,5593235.922812837
Guatemala,1.0042842768338226E7
Costa Rica,3311913.090845633
Belize,193878.60612891638
United States of America,1.658943777358851E7
United States of America,6.067370451786843E7
Colombia,3.9677261397872955E7
Guyana,449779.61228958546
Ecuador,1.223648152660711E7
French Guiana,182184.9334756799
Paraguay,3815927.1892519444
Suriname,312073.8725691835
Uruguay,3148633.405282974
Venezuela,2.3359528578781504E7
Peru,2.3141014342018936E7
Chile,1.7599339588238496E7
Bolivia,8248021.171416873
Netherlands Antilles,204511.4456868159
Navassa Island,0.0
Puerto Rico,1658133.5602430473
Palmyra Atoll,0.0
Midway Island,0.0
Kingman Reef,0.0
Johnston Atoll,0.0
Howland Island,0.0
Baker Island,0.0
Bird Island,0.0
Aruba,79337.33329937873
Pitcairn,0.0
Cayman Islands,22089.218293490485
Montserrat,0.0
Turks and Caicos islands,20509.580380305484
British Virgin Islands,13819.679906618492
Anguilla,5344.784398180213
Bermuda,18110.347346577735
United States Virgin Islands,32748.960770917398
Falkland Islands (Malvinas),0.0
South Georgia and the South Sandwich Islands,0.0
Argentina,4.253973827068999E7
Heard Island and McDonald Islands,0.0
Bouvet Island,0.0
Antarctica,0.0
