,country,continent,c1UrbanPopChange_2000-2020,c1UrbanPopChange_2010-2020,c1UrbanPopChange_2010-2030,c1UrbanPopChange_2020-2030,c2UrbanPopChange_2000-2020,c2UrbanPopChange_2010-2020,c2UrbanPopChange_2010-2030,c2UrbanPopChange_2020-2030,c3UrbanPopChange_2000-2020,c3UrbanPopChange_2010-2020,c3UrbanPopChange_2010-2030,c3UrbanPopChange_2020-2030,NonUrbanPopulation_10YearLag2020,NonUrbanPopulation_10YearLag2030,NonUrbanPopulation_20YearLag2020,NonUrbanPopulation_20YearLag2030,PopChange_2000-2020,PopChange_2010-2020,PopChange_2010-2030,PopChange_2020-2030,Population2000,Population2010,Population2020,Population2030,UrbanPopulation2000,UrbanPopulation2010,UrbanPopulation2020,UrbanPopulation2030,UrbanPopulation_10YearLag2020,UrbanPopulation_10YearLag2030,UrbanPopulation_20YearLag2020,UrbanPopulation_20YearLag2030,Region,Income group
0,Abyei,0,0,0,0,0,9908,5220,5164,110,0,2386,2088,434,0,0,0,0,22984,19057,24413,7951,11023,13882,29840,34175,0,4773,12785,12009,6743,332,12785,6644,,
1,Afghanistan,Asia,43520,35007,42330,12785,6413754,1913760,4406475,670538,15756258,11112611,21941686,12601962,246695,91095,225478,221804,25786315,15225401,29462664,14830698,23755401,34231732,47316798,61092584,16979023,26831349,39927993,53706143,3580888,2024083,8761118,6828081,South Asia,Low income
2,Aksai Chin,0,0,0,0,0,0,0,0,0,0,0,0,0,0,0,0,0,729,664,757,108,6891,6898,5708,5600,0,0,0,0,0,0,0,0,,
3,Albania,Europe,14538,2293,8088,3793,93618,20240,67628,13918,699367,412779,793810,435222,105748,105047,220293,168456,914534,486380,960952,518645,4217369,3861347,3799624,3697570,2426985,2389508,2580120,2722884,60899,39974,144657,112563,Europe & Central Asia,Upper middle income
4,Algeria,Africa,6558,33,67,372,1686009,376717,1089694,239487,12559671,7364185,13040169,6097685,1773,15330,109866,2823,16931386,9496711,17199165,7884325,37860477,44083698,53383935,61122016,27592107,33759956,42549973,49749586,1586175,1225189,3549735,3066686,Middle East & North Africa,Upper middle income
5,American Samoa,Oceania,89,2,6,4,0,0,0,0,2515,249,426,313,1571,1044,1973,2424,4041,583,1034,704,58860,55639,46869,41759,49445,45468,35853,30346,0,0,0,0,East Asia & Pacific,High income
6,Andorra,Europe,0,0,0,0,5648,316,2927,1475,10054,6466,8682,4641,0,0,0,0,27723,13421,25402,14025,87637,95105,103484,108220,65587,73723,76658,78779,1202,5755,12264,7473,Europe & Central Asia,High income
7,Angola,Africa,20007,13732,22638,5661,2747962,779352,2055748,454097,14576947,10313510,19367481,9968491,87692,72296,122968,109354,22668573,14578428,27922593,14089733,16685004,23829027,34095266,45783719,11403553,16913840,25619867,35064315,1059308,849356,3092212,2486795,Sub-Saharan Africa,Lower middle income
8,Anguilla,North America,0,0,0,0,1455,1166,1441,20,0,0,0,110,0,0,0,0,4851,3929,4467,582,11401,13592,15964,16450,0,0,5345,6080,5345,656,5345,6080,,
9,Antarctica,0,0,0,0,0,0,0,0,0,0,0,0,0,0,0,0,0,0,0,0,0,0,0,0,0,0,0,0,0,0,0,0,0,,
10,Antigua and Barbuda,North America,0,0,0,0,7470,926,1679,140,14540,10971,17143,6768,0,0,0,0,28196,15893,23574,8308,77852,89193,95901,100936,51157,65294,73238,79761,2973,921,14486,4234,Latin America & Caribbean,High income
11,Argentina,South America,39,3,1,174,756093,132183,267235,42923,8212318,4288366,6964487,2901744,363,18873,1750,11,10324073,5176137,8517199,3545495,44139621,49002491,53760010,56983255,37015875,41793402,46308703,49175058,615160,253906,1649585,906754,Latin America & Caribbean,Upper middle income
12,Armenia,Asia,2580,100,178,58,6807,2035,3803,1401,145767,65464,77843,27967,8115,7762,38282,14377,230527,100570,135975,60899,4156634,3864218,3678694,3618903,3215070,2970161,2828465,2793914,35908,5281,39891,40024,Europe & Central Asia,Upper middle income
13,Aruba,North America,0,0,0,5,2425,779,874,0,21302,10940,13136,3477,0,212,0,0,25174,12456,14936,3756,90693,102111,108337,106696,85181,96547,104005,102272,2317,0,4505,2189,Latin America & Caribbean,High income
14,Arunachal Pradesh,0,105,31,132,3,79071,21091,41971,4920,128623,78618,124552,61241,264,359,264,624,560958,302215,482310,204447,797005,1048602,1282147,1445922,261621,393104,523101,597828,63191,21381,141383,93644,,
15,Ashmore and Cartier Islands,0,0,0,0,0,0,0,0,0,0,0,0,0,0,0,0,0,0,0,0,0,0,0,0,0,0,0,0,0,0,0,0,0,,
16,Australia,Oceania,4166,1464,2166,642,1226315,125677,281718,38256,6193602,3993407,6774059,2996107,15716,30439,19938,36127,9240139,5204948,8651835,3740370,22793767,26361414,30739596,33767142,17947005,21240932,25380039,28269670,375605,203918,1713502,650460,East Asia & Pacific,High income
17,Austria,Europe,532,85,2698,2094,84028,14047,37735,11268,1263699,777318,1137363,414550,2037,70630,6208,52464,2051923,1114455,1808498,867875,11928699,12453742,13266085,13485602,6389555,6991487,7803698,8081662,119631,75814,334301,178803,Europe & Central Asia,High income
18,Azerbaijan,Asia,646,315,994,599,337529,61365,144523,27066,2311138,1295525,1927591,826414,6880,20292,10914,21989,3292855,1657295,2499715,1040807,10680265,12034164,13393537,13947609,8042362,9276520,10584072,11076916,271967,80595,741974,390585,Europe & Central Asia,Upper middle income
19,Azores Islands,0,67,16,174,114,99,0,0,0,9419,520,1472,1224,1792,15176,2695,16754,15880,1776,5840,4553,297367,308982,288714,271195,170048,179502,167860,143487,0,0,807,0,,
20,Bahamas,North America,143,38,251,43,20045,1432,3847,657,63761,40691,65939,27061,2437,819,1925,3003,106394,52329,90208,39798,353420,405205,441152,466413,271295,330888,366632,389116,4158,2935,40372,8130,,
21,Bahrain,Asia,0,631,812,108,28928,21086,23011,340,502353,300510,427231,134692,1480,1905,0,1946,551783,332478,464287,140013,622161,1047756,1143865,1171415,603221,1022019,1114091,1139466,23146,567,38472,23758,Middle East & North Africa,High income
22,Baker Island,0,0,0,0,0,0,0,0,0,0,0,0,0,0,0,0,0,0,0,0,0,0,0,0,0,0,0,0,0,0,0,0,0,,
23,Bangladesh,Asia,50793,23100,54521,14857,8896196,3117460,4969579,444044,53139770,31003952,56173859,31709251,249593,207641,313073,293170,63438681,35030810,62303330,32747520,141072087,162058534,182782737,201329034,135359103,157132510,179172868,198088951,4991925,1192541,11533913,7134692,South Asia,Lower middle income
24,Barbados,North America,750,178,714,287,9761,7717,9427,369,33871,23880,25182,11387,1051,2705,4012,2829,61672,47691,54275,18410,271815,282153,287678,290299,237236,239595,247877,248456,17298,1346,17685,18964,Latin America & Caribbean,High income
25,Bassas da India,0,0,0,0,0,0,0,0,0,0,0,0,0,0,0,0,0,0,0,0,0,0,0,0,0,0,0,0,0,0,0,0,0,,
26,Belarus,Europe,6513,1649,7175,3244,74393,9679,15687,5259,1628922,989484,1136928,249418,135803,155294,232701,267128,2006506,1108902,1434993,473873,17298948,16418053,16256325,15530923,12091698,11836277,12049799,11524390,30196,15601,128397,38220,Europe & Central Asia,Upper middle income
27,Belgium,Europe,942,32,1649,1954,176494,43681,108316,33754,1732893,888070,1232243,481681,2218,54376,14257,21907,2658256,1291002,2009721,950090,16249935,17220730,18301561,18794567,12411013,13313121,14402229,14861257,367977,263381,727226,606408,Europe & Central Asia,High income
28,Belize,North America,21,14,47,0,13054,8394,18324,2532,66882,27951,46753,22870,281,0,281,288,173924,102767,163971,65225,251148,336342,411338,468441,150231,199622,230426,261904,15687,11564,20152,30191,Latin America & Caribbean,Upper middle income
29,Benin,Africa,64,23,0,57,1071992,188794,762752,265590,2909769,1925309,3851222,2139718,809,144,792,0,5929126,3300170,7042114,3825446,7053176,9514411,12734626,16505739,4732141,6715315,9178761,12067071,589287,772570,1681257,1522669,Sub-Saharan Africa,Lower middle income
30,Bermuda,North America,0,0,0,0,12,3,4,0,4291,1386,1780,549,0,0,0,0,4403,1435,1853,573,52047,53164,53030,51409,51418,52493,52357,50721,42,0,63,43,North America,High income
31,Bhutan,Asia,462,173,253,565,25314,9648,31351,9735,84061,33920,44075,26280,1656,3646,1996,2224,382431,216352,346276,168400,723007,857967,934596,984023,231431,291359,305438,316118,24901,44531,47103,68726,South Asia,Lower middle income
32,Bird Island,0,0,0,0,0,0,0,0,0,0,0,0,0,0,0,0,0,0,0,0,0,0,0,0,0,0,0,0,0,0,0,0,0,,
33,Bolivia,South America,2419,586,1813,297,296760,67740,198994,44753,2787036,1564465,2864610,1375639,22493,12918,39926,29134,4076829,2172588,4078313,1982570,8984032,10687542,12477027,14229400,5752149,7241738,8888002,10358486,183227,146281,528735,380632,Latin America & Caribbean,Lower middle income
34,Bosnia and Herzegovina,Europe,8524,1715,7044,2026,36917,10255,40112,11083,291568,106343,177488,116173,75158,62121,114811,122813,517123,188060,413839,276469,5827738,5315013,4629314,4341399,2988981,2766142,2382328,2201609,29878,35875,75965,71681,Europe & Central Asia,Upper middle income
35,Botswana,Africa,117,50,48,0,147913,28264,67385,13211,447635,280816,530881,269706,670,296,863,625,957712,520180,994391,479496,1875357,2270651,2766838,3232127,1282942,1583779,1958486,2262427,108543,44033,265645,168674,Sub-Saharan Africa,Upper middle income
36,Bouvet Island,Antarctica,0,0,0,0,0,0,0,0,0,0,0,0,0,0,0,0,0,0,0,0,0,0,0,0,0,0,0,0,0,0,0,0,,
37,Brazil,South America,24676,3065,5604,4129,1580727,231163,601256,147044,36968638,16315242,25483206,10295730,70249,82901,298245,88118,46714316,20117555,32637218,14031083,186340519,207854104,225495688,236690966,143773871,163536157,179653238,189399883,1494369,1116479,4222652,2667651,Latin America & Caribbean,Upper middle income
38,British Indian Ocean Territory,Asia,0,0,0,0,0,0,0,0,0,0,0,0,0,0,0,0,0,0,0,0,0,0,0,0,0,0,0,0,0,0,0,0,,
39,British Virgin Islands,North America,0,0,0,0,2290,141,252,45,3594,1381,2132,806,0,0,0,0,10771,3762,5695,2116,20190,27633,30773,32815,8254,17059,19023,20040,598,226,7175,849,Latin America & Caribbean,High income
40,Brunei Darussalam,Asia,48,76,130,0,22238,5268,9214,1535,77057,40557,64749,27248,1610,0,1336,1144,129237,65517,102762,40765,337229,400266,445845,478052,253556,320152,361908,396383,13731,10276,42955,24825,East Asia & Pacific,High income
41,Bulgaria,Europe,6123,1814,7069,2433,23854,3332,12415,5929,443451,201509,215494,81938,129309,157824,217500,264400,725083,318760,456787,259162,10965911,10275731,9443327,8510726,6638665,6177298,5663214,5029986,16669,20726,55188,36162,Europe & Central Asia,High income
42,Burkina Faso,Africa,15739,9285,6328,613,1562384,462529,1457202,396444,4289440,2540786,5040008,2850338,49164,15342,53913,36245,12925014,7688671,14315143,7206029,12166870,16485915,22010187,28133462,5488239,8068429,10888121,14779230,1015606,1306987,2104027,2511360,Sub-Saharan Africa,Low income
43,Burundi,Africa,7318,5930,2948,318,3782461,1395914,3413139,603743,2606961,2326658,4430123,3371341,33396,2813,24078,11979,7852839,4715835,8683743,4408498,6332675,9152063,12233008,15815287,3940542,6582606,10235215,14503636,2484676,1588654,4844060,4905513,Sub-Saharan Africa,Low income
44,Cambodia,Asia,68043,29284,219072,132730,2046275,948695,4045349,444402,2897959,1643788,2892235,4205037,346090,1055061,361664,1125834,7391305,3936051,8810489,5634677,12372916,14623067,16653233,18336673,7927422,9557337,11182368,12794678,1459381,710620,2650216,4479802,East Asia & Pacific,Lower middle income
45,Cameroon,Africa,560,1157,1852,6,1081549,406036,1254719,306303,7566890,4559220,9534760,5277873,13208,289,7752,11369,12014541,7188384,14752653,7649443,15130262,19935018,26570032,34165023,10807385,14636009,19734508,26128890,941603,1149701,1747469,2333923,Sub-Saharan Africa,Lower middle income
46,Canada,North America,3148,122,16,210,292936,76024,195797,34755,9543604,4811541,8540695,3968519,2183,9363,36769,627,12149186,6195978,11112643,5242963,44983748,49826636,55720541,60379234,32697140,37148005,42301035,46271484,528751,302373,982573,875105,North America,High income
47,Cape Verde,Africa,105,34,119,1206,54185,18277,31334,3522,130870,86320,167089,110047,1586,7649,1658,2186,235731,138846,257619,144679,430199,492129,558631,618825,319209,376558,437853,485797,29105,5840,67238,39190,,
48,Cayman Islands,North America,0,0,0,0,4194,291,655,82,24985,14609,22012,7813,0,0,0,0,30639,15649,23450,8181,42149,57654,71863,77774,34681,51331,66521,73431,923,300,6861,1434,Latin America & Caribbean,High income
49,Central African Republic,Africa,0,0,0,0,147542,38552,161233,59070,792554,398154,1344565,1016614,0,0,0,0,1649201,754669,2462135,1763841,3775746,4681372,5367708,7131465,1931359,2548387,3047886,4319552,135251,255055,341778,429064,Sub-Saharan Africa,Low income
50,Chad,Africa,552,591,851,0,1263384,468318,1458155,337538,2782568,1738348,3722820,2455944,16487,0,5600,6382,8984533,5472318,11215474,5975814,8382571,12062755,16918849,22867797,4368691,6353696,8650540,12147346,885379,1053100,1731790,2301427,Sub-Saharan Africa,Low income
51,Chile,South America,498,4,878,354,396762,51407,147431,30556,5406192,2634502,3494983,1175525,440,26413,14069,23743,6461495,3154265,4355617,1530468,18653558,20636434,23423184,24180055,14213772,16538686,19069628,19745554,218271,147504,766765,400928,Latin America & Caribbean,High income
52,China,AsiaAsia,3256546,1413614,3940612,1525087,75830881,27709822,41349938,7060923,360602644,195727283,277211772,122169538,16200307,15362975,19802463,23122376,532381808,284916246,408655877,172952823,1509703723,1608453908,1698714082,1686652250,1226078307,1328799784,1415936560,1405594308,50702834,19974618,110318242,66800543,East Asia & Pacific,Upper middle income
53,Christmas Island,Asia,0,0,0,0,0,0,0,0,0,0,0,0,0,0,0,0,1732,969,2069,1100,1336,2098,3068,4168,0,0,0,0,0,0,0,0,,
54,Clipperton Island,0,0,0,0,0,0,0,0,0,0,0,0,0,0,0,0,0,0,0,0,0,0,0,0,0,0,0,0,0,0,0,0,0,,
55,Cocos (Keeling) Islands,Asia,0,0,0,0,0,0,0,0,0,0,0,0,0,0,0,0,0,0,0,0,568,557,517,470,0,0,0,0,0,0,0,0,,
56,Colombia,South America,8543,1802,9795,4362,1216166,398008,2122688,406514,11202303,6115582,8811075,4253915,160213,236146,305093,321743,14186024,7443118,12578051,5624873,39469904,45109790,51271440,54555842,30237072,35691102,41775548,45138917,787295,722705,1838818,2639688,Latin America & Caribbean,Upper middle income
57,Comoros,Africa,0,0,0,0,29999,9870,30178,5355,202949,120528,237690,128111,0,0,0,0,271160,151000,305884,154886,539422,659583,810582,965465,406524,526522,700170,856091,53120,27814,90697,91882,Sub-Saharan Africa,Lower middle income
58,Congo,Africa,790,716,1999,1043,648476,152315,535618,141630,2124254,1573620,3023587,1670074,18530,29905,3010,28378,3233749,2001688,3957112,2055568,3124247,4405393,5659892,7037028,2768237,3791916,4970773,6353420,178585,244620,695743,570182,,
59,"Congo, Dem. Rep.",Africa,7657,15260,12080,1571,8008806,3023476,9248808,2152525,26767470,18164825,40491529,25410815,172823,54338,63120,108469,47685118,29886495,64934189,35923061,48821134,66728859,93411595,128437858,31578410,45798622,67754430,98244060,5700122,5638663,11151996,13803995,Sub-Saharan Africa,Low income
60,Cook Islands,Oceania,0,4,29,0,0,0,0,0,0,0,0,0,6996,0,0,7052,2301,2895,3255,840,16308,17803,17758,18045,0,8962,0,0,0,0,0,0,,
61,Costa Rica,North America,551,794,3609,1651,126184,47040,101657,19009,782528,422928,692743,322573,12261,16115,3733,20968,1437342,791688,1306280,594319,4039849,4692837,5199828,5514010,2919010,3441345,3853779,4102518,125410,72209,268491,209774,Latin America & Caribbean,Upper middle income
62,Croatia,Europe,4352,1139,6364,2666,16263,1219,7071,3872,210424,79483,105967,57254,47804,75444,75340,114386,470393,173879,346632,242859,6351870,6099213,5716958,5373260,3489253,3398590,3169868,2940529,8835,24186,58527,29219,Europe & Central Asia,High income
63,Cuba,North America,2003,856,3660,869,77204,55387,89220,20579,668876,331780,410458,152580,47902,46419,53079,71679,1189631,708068,949542,349757,11947854,12144755,12158048,11857017,9981929,10135207,10008443,9701805,136520,65581,191326,186066,Latin America & Caribbean,Upper middle income
64,Cyprus,Asia,174,94,321,0,54240,2656,8470,2517,248450,133508,191151,63658,6745,0,5613,6479,404707,169732,268251,107922,1157071,1378773,1510316,1599490,791898,1004661,1124591,1194148,14587,14882,117040,30614,Europe & Central Asia,High income
65,Czech Republic,Europe,5058,2137,9049,3403,343583,81230,225593,47322,768959,461215,727879,404877,82562,145276,134229,209927,2060111,968507,1690872,925850,15859335,16218990,16325336,16300960,9454571,9650184,9831925,9938619,281854,188446,703221,525217,,
66,Côte d'Ivoire,Africa,1304,53,731,1371,1658091,478082,1373186,326884,5287697,3454230,7300287,4276875,11098,20361,9970,19277,10647863,6099634,13436891,7561875,16941272,21288935,27008109,34458072,10052589,13287258,17829495,23308682,1286168,1264777,2766423,2851653,,
67,Denmark,Europe,2012,197,501,16,82264,13378,28455,7279,928754,525125,890416,406582,13225,2383,41566,14134,1531447,750452,1477825,827632,9309182,9684749,10172125,10667366,5739080,6100233,6580265,6959502,74158,43974,220778,122511,Europe & Central Asia,High income
68,Djibouti,Africa,883,330,376,0,35577,13132,37214,8557,329952,199410,319565,139230,6763,0,7038,5545,422742,253433,418221,183279,756409,936649,1109786,1269117,682046,848013,998155,1143949,20917,23982,44835,50109,Middle East & North Africa,Lower middle income
69,Dominica,North America,0,0,0,0,1635,933,1579,136,2855,1787,3862,2680,0,0,0,0,15447,9599,15011,6350,69061,69412,72302,75343,22455,23456,31092,34507,5848,734,5848,7188,Latin America & Caribbean,Upper middle income
70,Dominican Republic,North America,14780,6211,13584,6625,697939,382076,713890,121664,2654566,1602670,2586360,1316708,44441,63849,65918,68495,4229996,2684357,4179445,1847484,9062514,10359387,11631929,12659422,7523987,8790187,9951653,10978593,557456,290975,944443,921591,Latin America & Caribbean,Upper middle income
71,Ecuador,South America,90,0,3,0,217338,39857,132695,36805,4001409,2090542,3488358,1473231,222,0,4204,233,5219469,2650018,4544982,1974149,12626669,14989823,17582665,19475398,9292490,11374966,13625871,15249719,205861,188611,523550,427183,Latin America & Caribbean,Upper middle income
72,"Egypt, Arab Rep.",Africa,3574,3850,4875,1734,4873855,2419180,4855339,742667,37003610,21626727,40077254,20492711,55316,22516,40343,38670,44131310,25745579,46952388,22125237,82076761,100359815,123590644,143730096,78332016,96669098,119727334,140084079,3736017,1686191,6764063,6603526,Middle East & North Africa,Lower middle income
73,El Salvador,North America,9742,3690,6109,665,204032,82114,204536,49284,730633,366141,577248,310085,47465,11379,71309,47782,1516671,810156,1338043,641061,6138936,6300495,6484874,6755091,4743010,4846771,4945557,5209951,203170,177802,347596,405947,Latin America & Caribbean,Upper middle income
74,Equatorial Guinea,Africa,1756,1636,2660,0,271410,25649,69729,11801,811948,820957,1156367,358586,20226,0,11476,20644,1162816,910094,1312526,408009,677397,1084713,1589456,1987947,409663,750755,1420186,1804824,42212,32646,295088,92940,Sub-Saharan Africa,Upper middle income
75,Eritrea,Africa,868,373,0,0,335535,139376,364366,78222,433930,234900,372410,271689,10469,0,5042,80,1665154,1013542,1706720,785005,2472893,3238780,3653620,4400419,1854238,2365502,2363008,2860094,234320,254948,431163,542284,Sub-Saharan Africa,Low income
76,Estonia,Europe,1039,222,877,513,92041,7294,11382,801,193799,181593,228168,58215,53283,14862,71528,57170,461851,248009,327215,101272,2717611,2582888,2578845,2501981,1782287,1637378,1678013,1664126,28668,11945,141776,40112,Europe & Central Asia,High income
77,Ethiopia,Africa,55615,50113,38535,3486,26013728,13428491,34716282,7638184,18241436,14327537,23772451,18734482,276525,38538,201011,164774,77182623,54051133,89295580,40665694,68066302,90494009,118679981,151159246,44898061,59098070,75783310,108197328,19230567,18138048,28844102,43579708,Sub-Saharan Africa,Low income
78,Europa Island,0,0,0,0,0,0,0,0,0,0,0,0,0,0,0,0,0,0,0,0,0,0,0,0,0,0,0,0,0,0,0,0,0,,
79,Falkland Islands (Malvinas),South America,0,0,0,0,0,0,0,0,0,0,0,0,0,0,0,0,1504,1319,1728,427,4581,4666,5285,5460,0,0,0,0,0,0,0,0,,
80,Faroe Islands,Europe,0,0,0,0,0,0,0,0,5450,2665,4579,1915,0,0,0,0,16627,8717,13637,5261,93305,98826,106939,111280,32111,34754,37418,39333,0,0,0,0,Europe & Central Asia,High income
81,Fiji,Oceania,682,472,411,0,10522,4628,5599,409,103660,51765,96500,52645,6963,409,3719,5293,203174,111302,168518,73205,771558,841139,858693,922848,408388,471929,489984,544482,9865,4859,26837,13045,East Asia & Pacific,Upper middle income
82,Finland,Europe,1067,1528,3215,1117,173433,29968,63993,18906,908072,510811,626387,207273,19657,50498,20554,59227,1619681,786215,1194062,545501,10756038,11134384,11464129,11536055,5983660,6451958,6860366,6860595,103319,69911,356131,171311,Europe & Central Asia,High income
83,France,Europe,20094,5924,26558,14872,1110900,239063,674189,155736,5641863,2708513,4527205,2320960,277508,550686,408281,684726,14495172,6411963,11527001,6138821,85799624,91264944,94207596,95744737,53705029,56675235,58280751,59269278,1285920,894630,2974487,2216851,Europe & Central Asia,High income
84,French Guiana,South America,0,0,0,0,31605,9848,21754,2786,53677,29950,76061,55391,0,0,0,0,126843,63051,136412,77026,167267,230994,292154,366315,108438,151247,210380,274724,30907,10535,49810,47995,,
85,French Polynesia,Oceania,0,0,0,0,9968,1707,4368,567,27650,14067,31313,19248,0,0,0,0,55809,22268,48020,26256,250864,282993,300493,323180,147482,176330,205824,227989,16862,3231,32231,21657,East Asia & Pacific,High income
86,French Southern and Antarctic Territories,0,0,0,0,0,0,0,0,0,0,0,0,0,0,0,0,0,0,0,0,0,0,0,0,0,0,0,0,0,0,0,0,0,,
87,Gabon,Africa,0,16,0,0,78233,32610,92225,23918,793774,508645,876225,397162,377,0,118,117,1043747,642150,1133758,505229,1264780,1702178,2276612,2755956,985448,1350180,1882995,2327315,63847,62101,118491,145190,Sub-Saharan Africa,Upper middle income
88,"Gambia, The",Africa,0,0,24,24,149824,29446,112680,27837,842975,537842,1108057,608221,0,373,0,373,1211892,677147,1422922,760031,1489231,2014120,2680832,3399912,927228,1405263,2027908,2712745,89534,87216,269680,211093,Sub-Saharan Africa,Low income
89,Gaza Strip,0,0,0,0,0,8786,2614,7506,927,844415,434640,972587,545649,0,0,0,0,857145,439380,984048,549049,1241716,1664050,2098861,2643205,1227042,1650231,2089305,2633478,8981,3227,17847,15544,,
90,Georgia,Asia,1829,253,1513,798,25256,8344,16626,2369,272075,155497,221751,102451,24289,47830,116917,65014,434541,260407,393677,192860,5728289,5150876,5054364,4908762,3651943,3316863,3242155,3174422,30421,9561,54865,40485,Europe & Central Asia,Upper middle income
91,Germany,Europe,43071,10902,41960,17260,532451,98072,252550,98021,8206732,5181196,6615647,2088115,439152,679279,892474,945366,13168852,7282994,11148461,5214520,129334893,128908020,132031341,131103328,93502023,93363337,96490973,95424058,779725,519387,1944076,1174091,Europe & Central Asia,High income
92,Ghana,Africa,7747,1593,4243,1960,1467230,282791,709654,178974,9810745,5371295,9788900,4723616,15846,45664,39474,41858,14430830,7367103,14185448,7144628,19884297,25861338,32530956,39183352,13857276,19256706,25042505,30220258,853557,713537,2500051,1680312,Sub-Saharan Africa,Lower middle income
93,Gibraltar,Europe,0,0,0,0,0,0,0,0,4032,1174,1320,146,0,0,0,0,4032,1174,1320,146,26308,29373,30205,30197,26308,29373,30205,30197,0,0,0,0,Europe & Central Asia,High income
94,Glorioso Island,0,0,0,0,0,0,0,0,0,0,0,0,0,0,0,0,0,0,0,0,0,0,0,0,0,0,0,0,0,0,0,0,0,,
95,Greece,Europe,3058,1004,3089,1040,23111,1511,6153,3904,307780,89124,98985,41729,63556,74345,64304,128682,722571,209841,423758,300313,13524352,13515090,12868508,12304113,8998670,9004297,8539839,8143461,16343,13635,88629,26123,Europe & Central Asia,High income
96,Greenland,North America,0,0,0,0,0,0,0,0,5329,3063,5058,2008,0,0,0,0,6742,3343,5798,2603,76398,75849,74161,74939,17690,19968,23018,25025,0,0,0,0,Europe & Central Asia,High income
97,Grenada,North America,570,0,4,0,2214,1068,2464,374,16500,11069,17793,7889,272,626,6638,890,22979,14957,23790,9621,101525,108519,118198,125223,79555,79815,91649,100757,3431,2852,6181,6924,Latin America & Caribbean,Upper middle income
98,Guadeloupe,North America,395,18,405,240,7443,595,1890,748,35978,15817,25187,12231,1424,6189,3533,6785,65900,24746,41783,20599,472613,459283,449398,455185,355961,350530,340188,342014,2623,6600,20105,8615,,
99,Guam,Oceania,49,17,15,0,1832,1752,4442,113,13104,5318,12649,10561,2222,293,2111,2247,17407,9352,22376,13816,164248,168932,173344,185085,134390,141267,147325,157003,7278,729,7998,10513,East Asia & Pacific,High income
100,Guatemala,North America,3786,4717,4218,134,1076470,489269,1265363,258716,2907904,1588350,2833169,1681396,43051,1733,25493,20521,6490196,3771067,6586462,3089951,12150938,15056733,17972960,20703308,8714214,11000831,13106620,15588170,1111845,1010798,1888666,2346736,Latin America & Caribbean,Upper middle income
101,Guernsey,Europe,0,0,0,0,46,17,72,4,7005,3697,6360,3254,0,0,0,0,8076,4200,7317,3733,89363,91833,94934,98557,80713,82835,86044,89500,467,204,467,715,,
102,Guinea,Africa,2839,415,1581,558,795032,192407,535065,114133,2376869,1611554,3647514,2246175,21879,27293,38454,32537,5612487,3249033,6897737,3875307,8474928,10436645,13424545,16896683,3822566,5201647,7195863,9758403,480712,390400,1205557,996736,Sub-Saharan Africa,Lower middle income
103,Guinea-Bissau,Africa,0,0,0,0,47672,11461,38685,5639,441453,258427,523028,281592,0,0,0,0,815805,464417,944251,482373,1257163,1599563,2058411,2538068,607955,834825,1130692,1437434,37993,25521,84982,80272,Sub-Saharan Africa,Low income
104,Guyana,South America,78,2,153,109,5969,2460,8203,2324,59692,42122,68531,35446,220,4776,3586,4776,113263,72620,126827,65107,768550,757386,806282,855157,572016,556858,589028,627524,9988,16404,15425,27316,Latin America & Caribbean,High income
105,Haiti,North America,31733,10255,10550,3237,1313128,443175,1148202,256115,2847756,1686577,2898836,1754146,68909,28126,102207,60011,5122718,2730306,4822307,2426772,8769771,10330132,11877890,13343456,6432781,8099365,9816983,11485276,872295,676697,1915997,1788051,Latin America & Caribbean,Lower middle income
106,Hala'ib triangle,0,0,0,0,0,0,0,0,0,0,0,0,0,0,0,0,0,1790,1132,1708,812,4105,4694,5238,5465,0,0,0,0,0,0,0,0,,
107,Heard Island and McDonald Islands,Antarctica,0,0,0,0,0,0,0,0,0,0,0,0,0,0,0,0,0,0,0,0,0,0,0,0,0,0,0,0,0,0,0,0,,
108,Holy See,0,0,0,0,0,0,0,0,0,51,39,53,57,0,0,0,0,51,39,53,57,1595,1549,1508,1565,1595,1549,1508,1565,0,0,0,0,,
109,Honduras,North America,3429,4081,1051,78,512240,194055,485051,107699,1947720,1246059,1975760,890396,20448,319,6606,3441,4529448,2840807,4600435,2015903,6869854,8721136,10444427,12093719,3495132,4729176,6175640,7429687,390080,421011,821168,869014,Latin America & Caribbean,Lower middle income
110,"Hong Kong SAR, China",Asia,0,0,0,0,13331,3378,21607,15462,1008946,497737,664932,224885,0,0,0,0,1034618,509004,698535,246792,5804478,6252764,6633104,6672193,5777476,6224867,6602657,6642178,6881,18550,19740,26945,East Asia & Pacific,High income
111,Howland Island,0,0,0,0,0,0,0,0,0,0,0,0,0,0,0,0,0,0,0,0,0,0,0,0,0,0,0,0,0,0,0,0,0,,
112,Hungary,Europe,5929,1827,5648,1779,85839,13478,35653,11082,530974,281910,467580,248469,106374,112236,162181,188359,1225112,554737,1064297,638322,15032070,14719482,14376731,14221758,9530244,9234659,8992053,8865267,111168,85910,260482,177661,Europe & Central Asia,High income
113,Iceland,Europe,0,0,0,0,33067,2710,8237,2188,132466,88255,123496,46591,0,0,0,0,204328,110251,165618,66303,620609,703269,810591,862925,422304,520662,616539,665828,7866,15042,61770,24627,Europe & Central Asia,High income
114,Ilemi triangle,0,0,0,0,0,0,0,0,0,0,0,0,0,0,0,0,0,12264,6106,10569,4632,14291,20462,25444,29628,0,0,0,0,0,0,0,0,,
115,India,Asia,576292,378400,614146,220572,122762903,61986510,113869372,18214163,286354326,166604975,275998088,158146955,4884198,2731221,4147054,4377439,507571606,292635987,478620261,222724459,1139447807,1334454317,1501880268,1629138309,885695456,1074791737,1252400440,1394450762,111570179,58183789,188386065,185348184,South Asia,Lower middle income
116,Indonesia,Asia,20123,6079,33621,26245,7815119,2205309,6084082,1408724,46118951,23259232,43335501,23618808,257071,445565,320380,430854,67195295,32669957,61277831,31248468,212391051,241848078,269057902,288818575,179614715,206558857,231637842,250444160,6820306,5265891,15274241,13326163,East Asia & Pacific,Upper middle income
117,"Iran, Islamic Rep.",Asia,21803,2739,5706,2620,2890939,491015,1079781,258386,27288968,13794273,19438817,6466019,95774,63398,306566,98454,35002470,16691446,24307680,8476633,79115833,90882951,105176021,111966707,64060245,75465782,89047642,95112731,1676791,1014866,5014008,2808214,Middle East & North Africa,Upper middle income
118,Iraq,Asia,412,0,0,28,1548469,364935,1287506,320306,18701156,11905011,22187478,10702890,0,329,13056,0,22269396,13628385,26018893,12433214,29576205,37573510,51180635,63559803,23866080,31761323,44817002,56571774,1165882,1103066,2759714,2651469,Middle East & North Africa,Upper middle income
119,Ireland,Europe,89,16,112,82,163834,18600,46885,9445,1000580,459888,803357,406593,1376,957,675,1237,2251429,855944,1513277,790774,6198889,7445250,8141244,8671052,3297703,3996277,4458867,4827144,102214,58528,371569,169213,Europe & Central Asia,High income
120,Isle of Man,Europe,22,9,434,269,5391,2689,6235,1123,7009,1944,2873,5430,444,8034,444,8400,21802,8327,16892,11765,127301,141159,141584,144507,79083,86809,95255,91704,11234,1209,11879,14789,Europe & Central Asia,High income
121,Israel,Asia,0,0,0,0,207224,32103,114407,32338,2666608,1536928,2941800,1453869,0,0,0,0,3101166,1679266,3269980,1613827,7049143,8450284,10112928,11707822,6447348,7816230,9462433,11024795,124418,126014,384317,277710,Middle East & North Africa,High income
122,Italy,Europe,19753,7811,16384,4786,420579,48129,70814,5804,5373440,2326162,2693326,576141,675969,676425,447521,1225619,7816405,3026799,3767000,1129426,77339105,81306103,81001334,78418329,57716609,61837248,62069010,60140487,487324,106608,1768285,544184,Europe & Central Asia,High income
123,Jamaica,North America,2997,1308,3593,1271,70298,17296,31868,6852,201471,117548,141336,65559,26677,23654,30000,34862,560735,311639,457806,216629,2740516,2868631,2957424,2939845,2074939,2149765,2138895,2082271,51261,38495,118597,77336,Latin America & Caribbean,Upper middle income
124,Jammu and Kashmir,0,13766,6450,5761,360,2191701,737653,1713291,330692,5543201,3011437,4913392,2618857,69690,9557,68007,40516,9461773,4874052,8080305,3672128,16959080,20564179,23410055,26172230,13239993,16834979,19805120,22868152,1517622,1142716,3209771,2957501,,
125,Japan,Asia,24209,6058,22187,9375,207016,32064,58074,22986,10786735,4430677,4202019,1362873,314025,496718,499551,669316,12334968,5065117,5503101,2212841,152590010,154241155,150826815,142697984,138586297,140557352,137318439,129007104,236234,134111,726241,272435,East Asia & Pacific,High income
126,Jarvis Island,0,0,0,0,0,0,0,0,0,0,0,0,0,0,0,0,0,0,0,0,0,0,0,0,0,0,0,0,0,0,0,0,0,,
127,Jersey,Europe,0,0,0,0,2736,1037,3756,1197,27527,15341,28351,14000,0,0,0,0,33883,18255,34504,16426,128988,143690,161816,177958,109458,124698,147453,167014,7463,5762,11045,14094,,
128,Johnston Atoll,0,0,0,0,0,0,0,0,0,0,0,0,0,0,0,0,0,0,0,0,0,0,0,0,0,0,0,0,0,0,0,0,0,,
129,Jordan,Asia,0,0,0,0,357741,92831,193772,26378,6184097,4393695,5466699,1255381,0,0,0,0,6926038,4720550,5989802,1407447,5958224,8165763,12883487,14070655,5203769,7369394,12048831,13213929,287626,128408,661457,461428,Middle East & North Africa,Lower middle income
130,Juan de Nova Island,0,0,0,0,0,0,0,0,0,0,0,0,0,0,0,0,0,0,0,0,0,0,0,0,0,0,0,0,0,0,0,0,0,,
131,Kazakhstan,Asia,5019,729,3013,917,1147130,156936,382358,71815,5526503,3546970,6078467,2748440,85930,93109,191247,167910,7910651,4399997,7819567,3597470,22764721,24638246,27923593,30916930,15652724,18003120,21282405,23950175,452163,364172,1696463,909202,Europe & Central Asia,Upper middle income
132,Kenya,Africa,79860,63998,80605,30052,11428752,3132368,6812610,1230994,13145285,11781271,20069998,11469594,214340,173351,149392,188559,33920934,21137149,35095231,17108470,30828430,41559917,52102221,63247149,19193673,28563324,39210700,50164185,5095381,2812735,13343699,9166754,Sub-Saharan Africa,Lower middle income
133,Kingman Reef,0,0,0,0,0,0,0,0,0,0,0,0,0,0,0,0,0,0,0,0,0,0,0,0,0,0,0,0,0,0,0,0,0,,
134,Kiribati,Oceania,0,0,0,0,2802,1765,5948,1251,35429,21005,42606,23470,0,0,0,0,46750,26536,54303,27871,83837,102639,121009,142754,35093,49798,76064,104401,5411,5063,5542,12312,East Asia & Pacific,Lower middle income
135,"Korea, Dem. People's Rep.",Asia,12150,13182,17299,1173,998661,606059,1042146,202545,3694378,2429887,3214596,1294350,79903,24649,54552,69376,6270930,4227996,5848799,2075829,29890454,31548436,32973377,33847987,26016073,27471701,28571751,29350710,1124315,477406,1657921,1698651,East Asia & Pacific,Low income
136,"Korea, Rep.",Asia,29853,5632,15279,6143,1409188,249605,445594,65630,9256563,4697740,5660251,1740096,132777,159510,292984,228175,12707401,6210121,7987879,2685964,56896194,59367631,63040714,62431056,50455417,53439951,56864563,56223974,708968,293175,2176263,1016939,East Asia & Pacific,High income
137,Kuril islands,0,0,0,469,45,0,0,0,0,557,656,0,0,0,6364,0,6364,4757,3547,3444,1027,25573,22680,20864,18767,9369,8092,7167,0,0,0,0,0,,
138,Kuwait,Asia,0,0,10,20,104751,44941,61673,4908,2521408,1485328,1709977,246834,0,711,0,365,2740122,1604367,1870496,286263,2188912,3331447,4929024,5162893,2072495,3193501,4742924,4961743,70447,16866,149031,93690,Middle East & North Africa,High income
139,Kyrgyzstan,Asia,327,193,434,0,232964,62093,167915,35238,1277809,775440,1667111,949971,6083,0,6468,6422,2327008,1356561,2680547,1356446,6515565,7249169,8512148,9859926,4851892,5457655,6414868,7591262,250437,232312,512357,517374,,
140,Lao PDR,Asia,1302,1056,4067,1816,311468,99350,340725,95018,449283,289603,542092,369796,8165,13841,5722,17956,2984299,1751945,3046552,1522833,5695174,6636744,7682207,8733030,1339238,1755649,2236352,2913543,355436,456695,676665,871154,East Asia & Pacific,Lower middle income
141,Latvia,Europe,2085,333,1663,596,935,0,669,504,68089,28410,29893,15770,41793,44377,69658,81484,126487,52181,102327,75086,4328319,3801870,3433613,3081026,2565243,2206736,1943790,1673564,0,928,2091,928,Europe & Central Asia,High income
142,Lebanon,Asia,609,327,3502,5337,204562,60932,48657,3534,1282874,681755,467007,68821,5549,167148,14808,75942,1707519,870913,626332,116961,4864066,5620774,6385224,5316541,4071877,4824905,5669069,4535692,271160,19653,497921,169235,Middle East & North Africa,Lower middle income
143,Lesotho,Africa,4158,522,468,61,48554,21987,73465,18560,194843,115188,184204,93581,9680,2879,22923,5105,956808,616038,978225,432170,2299497,2324102,2587892,2872117,860319,857975,984294,1170692,84912,116018,103723,202753,Sub-Saharan Africa,Lower middle income
144,Liberia,Africa,48,2,630,88,219463,35685,120382,32611,1199195,732643,1493637,798619,241,4920,190,5162,2327579,1154367,2357848,1246431,2914748,4046187,5121930,6319822,1522336,2199632,3003300,3921202,102239,129855,334257,253236,Sub-Saharan Africa,Low income
145,Libya,Africa,220,1403,729,0,217867,48624,85611,14760,1225337,629836,930029,516809,33216,0,3258,8179,2110082,1003796,1631075,892294,6075384,7651289,7845431,8718331,4467562,5764801,5868389,6488188,114349,114640,436319,213153,Middle East & North Africa,Upper middle income
146,Liechtenstein,Europe,36,11,22,0,1006,366,1207,552,8593,5106,7474,3534,435,0,435,409,10940,6189,10694,5544,47306,51376,55371,58884,39849,43471,47907,50663,1531,925,2259,2694,Europe & Central Asia,High income
147,Lithuania,Europe,2750,727,3334,777,31731,4423,9621,4705,189862,97055,99562,42715,84235,43465,147668,115905,361797,157398,258728,161042,6302405,5492706,4933053,4473475,3782349,3203953,2855737,2504428,26479,10946,66031,35465,Europe & Central Asia,High income
148,Luxembourg,Europe,313,0,23,32,28997,5897,17834,4485,174855,126348,188171,68392,0,875,1811,454,308053,192853,304585,123883,678727,789146,979656,1083079,413390,519563,678376,769194,33404,31093,94266,65997,Europe & Central Asia,High income
149,Ma'tan al-Sarra,0,0,0,0,0,0,0,0,0,0,0,0,0,0,0,0,0,0,0,0,0,0,0,0,0,0,0,0,0,0,0,0,0,,
150,"Macao SAR, China",Asia,0,14,0,0,250,0,0,34,187613,106744,173216,68303,220,0,0,0,188050,106821,173401,68483,339408,435343,525186,593186,339006,435032,524682,592756,0,254,266,0,East Asia & Pacific,High income
151,"Macedonia, The Former Yugoslav Republic Of",Europe,979,31,277,495,23381,4673,9175,2941,239997,113084,119048,35261,1540,22894,7496,8882,358643,161925,204044,81118,2733474,2808025,2831259,2777764,1930067,2009110,2072340,2005765,44888,12382,85809,42404,,
152,Madagascar,Africa,18998,14066,45044,17346,2048830,678955,2470170,752115,4636872,3296628,7018788,4509626,144530,109652,126927,191079,14592349,8478727,17553092,9763800,17164390,23021128,29923736,37752714,5296426,8234527,12684302,18598900,1693566,2049136,3295670,4244667,Sub-Saharan Africa,Low income
153,Madeira Islands,0,52,14,75,53,168,29,49,1,46065,18072,27318,10815,816,1026,824,1780,49342,18601,29283,12362,313556,317108,309883,305006,257947,263457,261188,259309,358,6,1026,378,,
154,Malawi,Africa,9364,7535,4529,761,2958097,968098,3220715,820581,3234545,2610155,5414379,3856945,29482,5790,20276,12623,10223311,6091466,12119775,6544751,11622710,15220359,20029572,25779918,4717726,8010805,12907011,19186243,2810579,2818224,5522461,6365821,Sub-Saharan Africa,Low income
155,Malaysia,Asia,5461,6066,9490,849,1502736,392792,707730,129686,7910951,4126317,6900157,3066411,68274,19155,38256,56928,11424878,5675167,9574213,4219262,22621971,28335259,32782691,36236816,17388708,22693633,26881069,30115160,740382,588172,2239987,1394361,East Asia & Pacific,Upper middle income
156,Maldives,Asia,2,0,0,0,10735,1142,2671,1096,120022,85040,83498,7403,0,0,3982,0,188048,121051,122529,19488,240557,302625,423407,416126,96424,136992,226216,225058,4185,1111,14033,5729,South Asia,Upper middle income
157,Mali,Africa,1858,145,33,0,1174646,351449,1244349,335150,4140595,2532886,5851503,3641779,5356,0,19054,268,10852810,6063315,13728522,7759490,11546444,15972241,21826349,29526915,4295458,6758189,10198793,15050495,943773,1216405,1874792,2457780,Sub-Saharan Africa,Low income
158,Malta,Europe,0,0,0,0,7127,4589,8264,871,130423,106730,136122,32640,0,0,0,0,146942,118103,151922,35744,489376,512805,628649,662366,460150,481539,597406,636027,11014,7875,14163,20250,Middle East & North Africa,High income
159,Marshall Islands,Oceania,26,2,0,0,0,0,0,17,3033,232,382,1185,237,0,237,0,3218,329,781,2155,44995,44641,36081,37664,22432,24654,20904,22280,0,254,0,0,East Asia & Pacific,Upper middle income
160,Martinique,North America,538,10,37,28,3532,367,1222,442,16744,7724,11462,5501,684,885,15486,1198,34831,15309,25123,12167,438970,397840,374995,367158,342313,301194,279745,277244,1870,7383,17317,9092,,
161,Mauritania,Africa,6790,2452,2658,0,342001,72169,187272,41230,1237986,802913,1773933,1038094,16248,0,23481,14661,2886458,1757627,3216139,1575702,2806416,3564099,4692107,6080252,1382425,1978376,2780883,3896471,153589,113419,446650,309878,Sub-Saharan Africa,Lower middle income
162,Mauritius,Africa,1180,52,113,308,23834,4205,12291,5083,219907,79848,109007,44330,1711,1699,4425,2476,287403,103177,155477,69597,1295921,1365737,1379505,1386427,1169569,1251252,1260610,1268102,10208,14418,53514,25419,Sub-Saharan Africa,Upper middle income
163,Mayotte,Africa,0,0,0,0,19633,11787,30654,3458,120634,78221,163127,97143,0,0,0,0,151291,96934,201505,104648,165444,219897,316736,421233,133298,177026,293675,404599,38468,13932,39742,64582,,
164,Mexico,North America,18257,14686,19429,5855,3746758,1131462,2162314,328009,24617678,11625610,17888929,7896509,114604,66362,103365,96302,40466050,20555116,30966372,12861715,105164566,120904314,135353113,144511676,79930755,93449843,104801620,113032368,3545576,1789746,7261315,5548079,Latin America & Caribbean,Upper middle income
165,"Micronesia, Fed. Sts.",Oceania,12,3,5,0,147,10,6426,4294,2772,1726,4160,2728,4648,0,5039,4302,15156,9522,23239,14130,103503,100015,104441,114885,32938,33372,29976,42497,162,10017,874,10196,East Asia & Pacific,Lower middle income
166,Midway Island,0,0,0,0,0,0,0,0,0,0,0,0,0,0,0,0,0,0,0,0,0,0,0,0,0,0,0,0,0,0,0,0,0,,
167,Moldova,Europe,5449,1003,2455,79,9185,786,4847,6015,96885,31445,114070,118014,162180,12993,274645,142813,199310,66456,256242,252765,6245076,5400082,4528318,4656760,3847788,3156962,2436305,2538055,6277,47919,20365,26328,Europe & Central Asia,Upper middle income
168,Monaco,Europe,0,0,0,0,38,12,11,0,1105,372,707,563,0,0,0,0,1152,388,722,563,11410,12453,12161,12611,11154,12160,12014,12467,147,0,147,147,Europe & Central Asia,High income
169,Mongolia,Asia,1139,4,11,1,44041,14522,49528,11247,1430976,843089,1405686,579381,2532,1959,45286,3951,1631743,975378,1686193,717578,3653295,4031029,4914548,5569122,2142568,2607613,3465035,4055142,64497,51651,95617,129693,East Asia & Pacific,Upper middle income
170,Montenegro,Europe,564,103,637,183,18440,5694,10002,1370,90505,47623,60698,20785,9139,1062,10774,8426,144741,68658,104513,43275,832211,828914,827037,816873,675306,669244,676343,662198,23749,4479,39437,30334,Europe & Central Asia,Upper middle income
171,Montserrat,North America,0,0,0,0,0,0,0,0,0,0,0,0,0,0,0,0,882,507,588,168,5471,5226,4727,4486,0,0,0,0,0,0,0,0,,
172,Morocco,Africa,8212,8065,9407,1706,816276,140226,418240,131324,8831122,4588973,8074588,3913340,42233,35312,81014,38511,11489138,5716280,10038685,4785829,34141629,38806942,43848460,48069918,24774620,29364676,34154223,38243016,673746,551482,1888605,1261653,Middle East & North Africa,Lower middle income
173,Mozambique,Africa,21941,10823,15426,2054,2226679,738551,2803320,835710,5534480,3558525,7643233,4860677,61606,26749,79868,59766,17709338,10881504,21633490,11513839,18752894,24331230,32849489,43087778,9386116,12366612,16673370,23603111,1603204,2383367,3060618,4513857,Sub-Saharan Africa,Low income
174,Myanmar,Asia,23905,13151,25876,17166,2409060,926222,1847303,354732,8805244,4278660,7929760,4677791,333317,317914,303386,372216,16684688,8370274,14429995,7097173,47564295,51546309,55747718,59477090,32965647,35582551,38708517,42273537,2271851,1205849,4668809,3646178,East Asia & Pacific,Lower middle income
175,Namibia,Africa,926,91,256,84,41569,14854,42155,5463,404562,214816,466327,273148,528,550,3850,855,1295891,769133,1367122,723518,1950120,2253265,2671565,3129645,638979,855743,1108214,1403692,51446,28810,90967,95655,Sub-Saharan Africa,Upper middle income
176,Nauru,Oceania,0,0,0,0,263,142,215,0,2936,2120,3439,1394,0,0,0,0,3396,2397,3842,1448,9805,9671,11600,12547,8611,8589,10884,11792,637,0,912,709,East Asia & Pacific,High income
177,Navassa Island,0,0,0,0,0,0,0,0,0,0,0,0,0,0,0,0,0,0,0,0,0,0,0,0,0,0,0,0,0,0,0,0,0,,
178,Nepal,Asia,347252,170039,257863,41123,4240498,852042,2190197,525374,8005506,5451180,9694693,5341959,871237,291121,965331,850892,16640907,8978055,15586688,7807678,27649678,30574046,33028242,37294588,18364648,21479218,24339924,29132705,1694454,1634907,5584669,3558185,South Asia,Lower middle income
179,Netherlands,Europe,3389,383,3263,2322,302425,35742,130949,62252,2699137,1457622,2190341,895548,15256,77723,46691,73741,3797448,1835128,3153254,1555737,25704230,26859525,28180276,29006171,21421881,22474123,23716695,24308782,213023,230105,693887,437812,Europe & Central Asia,High income
180,Netherlands Antilles,0,0,0,33,43,9469,896,2026,441,89961,59552,72640,18991,15,668,0,479,109036,65374,82490,23226,192964,220658,268396,280491,165504,196418,247914,257071,2525,1289,14994,4025,,
181,New Caledonia,Oceania,0,0,0,0,18761,709,3000,955,51617,35369,59192,25279,0,0,0,0,97389,47453,86592,40442,236100,278351,304708,332525,121845,161821,199939,226588,2818,2447,27071,5936,East Asia & Pacific,High income
182,New Zealand,Oceania,401,447,469,0,62690,20964,50854,7489,1266466,820251,1219029,427120,924,0,838,900,1827871,1183620,1744173,611574,4929323,5551947,6451566,7005824,3599655,4109702,4917688,5386964,71360,48235,141737,132872,East Asia & Pacific,High income
183,Nicaragua,North America,554,15,0,24,263925,101308,246500,60278,858511,460335,878888,494292,641,1000,4825,0,2124284,1212392,2283642,1143382,5251978,6002059,6923118,7875371,3466188,3933343,4454776,5033751,216849,169241,397581,430076,Latin America & Caribbean,Lower middle income
184,Niger,Africa,3678,1784,596,0,2014495,789626,4195238,1568759,3825243,2371594,5501129,4093373,30643,0,39655,11171,13822357,8674841,19439231,11178526,11964667,17117381,25011641,36188872,6020629,8846110,12526734,20778231,1698589,4159215,3077566,6611877,Sub-Saharan Africa,Low income
185,Nigeria,Africa,16542,7859,3994,1702,16385833,4068454,15102448,4918286,55085577,32370766,65312422,37237506,107900,29570,89186,43349,94235500,50907251,105798958,56593878,124557117,163033962,210942024,265836454,95395827,128933467,169122278,219259178,10040388,13882642,24559141,26977735,Sub-Saharan Africa,Lower middle income
186,Niue,Oceania,0,0,0,0,0,0,0,0,0,0,0,0,0,0,0,0,551,450,674,236,2414,2083,2193,2175,0,0,0,0,0,0,0,0,,
187,Norfolk Island,Oceania,0,0,0,0,0,0,0,0,0,0,0,0,0,0,0,0,14,3,29,28,3061,2827,2480,2136,0,0,0,0,0,0,0,0,,
188,Northern Mariana Islands,Oceania,10,1,1,0,0,0,0,0,321,64,449,2191,253,0,4839,265,606,167,799,2992,80958,54563,50046,51700,61513,37489,33939,36097,0,0,0,0,East Asia & Pacific,High income
189,Norway,Europe,501,171,205,181,166464,34813,101089,26917,1317508,705708,1174334,540034,914,10601,4631,1392,2157120,1090413,1891913,901835,8698947,9468522,10404475,11110325,5169373,5930178,6724050,7331003,158421,156717,405043,323604,Europe & Central Asia,High income
190,Oman,Asia,92,922,4865,2943,353457,172628,334405,36316,1587818,1375531,1995610,728383,21361,76095,6427,72316,2503142,1948568,2861772,992436,2488839,3103543,4856708,5443927,1720511,2220301,3758738,4323751,307692,127234,538322,491596,Middle East & North Africa,High income
191,Pakistan,Asia,42650,56441,46506,9540,25111291,11934249,29273775,5889101,58104847,34498202,67837175,44633051,576497,73799,266096,250503,97445455,56054793,108701064,56630367,175108636,221053827,258744302,312503848,138127126,184904981,227127905,285472653,22383301,15941559,40581406,45857211,South Asia,Lower middle income
192,Palau,Oceania,2,0,2,0,0,0,0,0,21,1,13,12,375,28,440,363,5056,3440,4703,1760,18325,17259,16980,17033,11844,9944,6375,5660,0,0,0,0,East Asia & Pacific,High income
193,Palmyra Atoll,0,0,0,0,0,0,0,0,0,0,0,0,0,0,0,0,0,0,0,0,0,0,0,0,0,0,0,0,0,0,0,0,0,,
194,Panama,North America,1,116,660,550,159139,53225,103744,16413,831430,494350,966275,512999,767,10515,479,6183,1515620,877133,1570298,763189,3017221,3641352,4321455,4896558,1939436,2418844,2972838,3486941,107848,54259,252585,175464,Latin America & Caribbean,High income
195,Papua New Guinea,Oceania,0,1,27,11,1055319,307275,903281,166030,1109781,847057,1638744,1105823,1012,1886,0,1061,4166540,2207289,4128895,1993604,5204607,7190952,9289656,11118533,1465118,2685758,4343197,5999268,820156,587052,1772187,1697284,East Asia & Pacific,Lower middle income
196,Paracel Islands,0,0,0,0,0,0,0,0,0,0,0,0,0,0,0,0,0,105,85,87,7,438,465,470,477,0,0,0,0,0,0,0,0,,
197,Paraguay,South America,136,122,1093,683,181605,64566,218825,48430,996021,638391,1162153,618192,16904,20634,6635,32231,1968075,1391240,2751897,1394942,5667165,6381705,7315844,8197029,3312511,3993285,4427625,4777407,212595,202165,392545,475354,Latin America & Caribbean,Upper middle income
198,Peru,South America,3285,211,791,165,260531,64444,209911,50107,6715830,3606389,6366980,2859708,15101,12913,81269,25332,8324401,4520706,8220122,3792753,27015731,29647577,33784534,37222352,17955677,20931371,24668777,27683416,302830,267238,605489,622456,Latin America & Caribbean,Upper middle income
199,Philippines,Asia,106936,53798,95946,29515,6704401,1977705,5199930,1124273,28128095,16435422,31242455,17733858,483704,280143,633361,503692,41782198,22417427,42180811,21731677,76952121,93676039,111199716,128351710,60201131,76375696,94282031,112126339,5338508,3935653,12200360,10406825,East Asia & Pacific,Lower middle income
200,Pitcairn,0,0,0,0,0,0,0,0,0,0,0,0,0,0,0,0,0,16,3,7,5,49,62,65,69,0,0,0,0,0,0,0,0,,
201,Poland,Europe,17809,4844,14400,5403,628993,129082,338329,92111,3709739,1911215,2702522,1193313,163829,145853,245808,260701,7943384,3631128,6414196,3566619,62144228,62316965,62069534,62530585,37302630,37402911,37328568,37681237,648369,517398,1675212,1179068,Europe & Central Asia,High income
202,Portugal,Europe,11260,3174,13176,4394,26802,1361,5181,1591,867103,370051,679257,360219,190709,139482,185202,309825,1220486,468027,907350,521646,12718771,13067094,12708135,12417713,8721963,9130785,8930869,8803662,16122,20150,106249,34019,Europe & Central Asia,High income
203,Puerto Rico,North America,13535,4506,8870,425,9028,1286,6229,3913,174382,59231,140177,108035,79354,7313,99169,77041,337843,143330,292266,196769,4030793,3915958,3444460,3431388,3396633,3274271,2788310,2775747,7467,23787,23260,23052,Latin America & Caribbean,High income
204,Qatar,Asia,0,140,162,251,480087,103714,121768,3769,1694599,985047,1071721,155125,618,2673,0,600,2343407,1211722,1357585,218977,707069,1881912,3040219,3146875,615003,1751732,2835527,2908785,141689,8748,531355,159601,Middle East & North Africa,High income
205,Romania,Europe,32167,6666,19248,5878,170201,25776,64221,24016,1034373,511875,695428,308613,216299,183643,488594,346908,2386346,1092281,1960406,1187085,31442538,29155922,27868708,27264892,17414197,15922703,15216208,14881395,163060,113662,380634,240077,Europe & Central Asia,High income
206,Russian Federation,Europe,77881,17270,63235,29670,2043543,432160,817597,201948,22799675,12761379,14711179,4207848,791035,1290422,1792529,1768658,32218191,16936761,22155591,8249779,252803759,246197441,250010969,242482159,198509731,193146684,196988149,189296744,1840666,936911,4350336,2622160,Europe & Central Asia,High income
207,Rwanda,Africa,12901,6323,6098,1063,2997664,957777,2203536,345650,3537338,2817229,5104598,3268280,34127,5799,38909,17278,7253793,4247989,7796820,3895403,8119069,10310142,13145020,16378222,6453941,8794589,12110849,15605052,1742602,824656,3950694,3195423,Sub-Saharan Africa,Low income
208,Réunion,Africa,158,20,0,0,36633,1826,8744,3499,260607,88115,137212,61052,619,0,651,0,351601,109293,182341,85002,838723,949740,1022092,1101993,735887,851076,917373,992448,9607,17028,59980,26938,,
209,"Saint Helena, Ascension and Tristan da Cunha",Africa,0,0,0,0,0,0,0,0,0,0,0,0,0,0,0,0,387,269,352,112,6360,5647,5772,5240,0,0,0,0,0,0,0,0,,
210,Saint Pierre and Miquelon,North America,0,0,0,0,0,0,0,0,0,0,0,0,0,0,0,0,722,746,1525,797,8595,8266,8122,7810,0,0,0,0,0,0,0,0,,
211,Samoa,Oceania,9,0,0,0,1199,557,2150,503,22631,12889,32735,21216,0,0,297,0,35886,20689,53634,33552,183326,193866,213955,247494,100391,107396,123321,147328,3573,2805,4458,7202,East Asia & Pacific,Lower middle income
212,San Marino,Europe,0,0,0,0,956,0,179,161,6737,2704,3164,1711,0,0,0,0,9446,3305,4706,2975,34423,40398,43396,42972,27347,33980,36426,35779,0,354,2797,354,Europe & Central Asia,High income
213,Saudi Arabia,Asia,8816,8522,13740,1760,2036320,725777,1214111,124459,12240238,6980183,10520175,4083233,193791,29352,95448,161374,17083316,9560949,14650222,5542640,23395306,31963252,39147230,44041823,19070570,26770025,33152448,37298384,1089346,466171,2639349,1720505,Middle East & North Africa,High income
214,Scarborough Reef,0,0,0,0,0,0,0,0,0,0,0,0,0,0,0,0,0,0,0,0,0,0,0,0,0,0,0,0,0,0,0,0,0,,
215,Senegal,Africa,4,0,0,0,817925,269169,887373,244733,3775114,2239895,4859321,2838509,0,0,5,0,7062148,4108479,8883036,4842328,10013809,12925783,16953261,21785879,6782968,8947911,11809039,15525764,661849,884253,1335610,1725561,Sub-Saharan Africa,Lower middle income
216,Senkaku Islands,0,0,0,0,0,0,0,0,0,0,0,0,0,0,0,0,0,0,0,0,0,0,0,0,0,0,0,0,0,0,0,0,0,,
217,Serbia,Europe,17188,3325,12254,4008,114081,18760,48369,17739,1041900,477661,526339,213939,187712,129197,355456,275786,1523271,642815,935130,506268,13595504,13158575,12581709,11873924,8836996,8675001,8442176,7968691,119214,66997,334526,176529,Europe & Central Asia,Upper middle income
218,Seychelles,Africa,0,0,0,0,2795,1136,1771,27,16385,8349,12837,5928,0,0,0,0,25959,12776,18849,7209,77942,89797,102321,107713,57278,65641,79280,84110,5455,266,6952,6298,Sub-Saharan Africa,High income
219,Sierra Leone,Africa,13,58,89,28,391521,63367,211503,63611,1935315,1139326,2153709,1075240,607,277,401,644,3773182,1841835,3718226,1936363,4626146,6492359,8308604,10198533,2241501,3437264,4817969,6160124,254384,277204,686485,573657,Sub-Saharan Africa,Low income
220,Singapore,Asia,0,0,0,0,3170,628,6068,2215,1836786,846764,1607022,829812,0,0,0,0,1842111,848846,1613892,832481,4008951,5104718,5838524,6171572,4007357,5102623,5835685,6170393,1324,4200,4081,7728,East Asia & Pacific,High income
221,Slovakia,Europe,2997,696,2464,1136,65550,16165,48360,13153,289272,170646,259586,142651,21732,39778,49365,50029,902002,458696,787283,435924,8119014,8150021,8241176,8386550,4471093,4399597,4407024,4522349,80855,111752,203167,189967,,
222,Slovenia,Europe,821,21,1441,922,17397,2261,9358,3118,150957,85634,132993,62459,872,36415,10843,36826,354249,166207,285535,160856,2843495,2945354,3028839,3010014,1365657,1444605,1515509,1511233,16820,19338,72326,37395,Europe & Central Asia,High income
223,Solomon Islands,Oceania,0,0,0,0,6779,1893,9827,3244,57492,37876,91195,55237,0,8,0,8,261207,151968,315714,167849,416875,525177,672583,835649,65862,96454,143369,212948,9081,14672,20015,25506,East Asia & Pacific,Lower middle income
224,Somalia,Africa,120,148,245,0,1425236,587554,1667597,466981,6091694,4447592,7597745,4112739,17361,0,17592,11569,9299818,6513251,11558960,5814922,8793767,12100599,16614480,22393280,6898742,9887795,13727313,18796283,821382,973248,1632492,2107241,Sub-Saharan Africa,Low income
225,South Africa,Africa,134618,33861,44318,5071,753734,183277,435026,89327,15666352,8444727,14665414,6643270,180342,102245,394225,222036,22198447,12079099,19978276,8906186,53284985,58950857,66931986,73606869,38781198,44571064,52387319,58908615,714410,554321,1620527,1295242,Sub-Saharan Africa,Upper middle income
226,South Georgia and the South Sandwich Islands,South America,0,0,0,0,0,0,0,0,0,0,0,0,0,0,0,0,0,0,0,0,0,0,0,0,0,0,0,0,0,0,0,0,,
227,South Sudan,Africa,19849,45424,81316,51901,3583093,1051779,2420959,469000,1701311,2409745,4425642,3487478,180593,290440,66965,249714,7847831,5230690,8628856,4866991,6191402,9834222,10678497,12620717,2499306,5192562,6932506,9548551,1415922,799315,3839585,2840860,Sub-Saharan Africa,Low income
228,Spain,Europe,12400,9327,31310,7949,762020,61611,198675,81620,8372898,4087960,5187221,1339220,482874,363140,180867,779791,11424146,4718160,6817503,2454111,52167181,59537604,60556668,60175625,39314672,45715863,47454931,47310804,311654,299000,1745684,616005,Europe & Central Asia,High income
229,Spratly Islands,0,0,0,0,0,0,0,0,0,0,0,0,0,0,0,0,0,0,0,0,0,0,0,0,0,0,0,0,0,0,0,0,0,,
230,Sri Lanka,Asia,64209,39117,64746,18212,1400387,506971,820737,139435,5167946,3652173,4994358,2408545,188871,110223,211676,191003,8212905,5190513,7281604,3342937,18875959,20778896,21837318,22304017,15102781,17065235,18303774,18902047,937418,403252,2032967,1315471,South Asia,Lower middle income
231,St Lucia,North America,94,22,56,0,5112,1490,2484,222,21989,13943,20115,8426,861,0,861,750,41745,24905,35960,13755,162532,173980,182431,186357,108490,122021,132644,136201,8025,1367,17332,9833,,
232,St. Kitts and Nevis,North America,17,0,0,0,524,151,207,0,2701,1598,1731,551,0,0,309,0,9754,5833,7144,2158,46537,48602,48884,49434,21165,22382,20505,20426,249,0,1141,300,Latin America & Caribbean,High income
233,St. Vincent and the Grenadines,North America,374,307,614,0,1079,729,820,33,5204,3249,4558,2259,4949,426,5486,4996,14933,11543,15025,5424,123239,117743,111834,110642,89837,84448,74078,72614,1157,366,1837,1553,Latin America & Caribbean,Upper middle income
234,Sudan,Africa,11277,14970,21060,427,6248749,2507502,5372140,856092,9811202,7251115,14068085,8641792,139736,5380,87782,104355,23705789,15856980,28347965,13439467,27223234,34945892,46026304,59006253,19823337,26275472,34138675,44895516,3666976,2398786,7451503,7220333,Sub-Saharan Africa,Low income
235,Suriname,South America,4,38,513,274,42007,9374,28244,5303,100992,56203,94020,49775,4195,7787,526,11104,192345,88785,157307,74297,469828,538093,601857,657378,299358,364355,432935,493732,33678,25609,76725,67722,Latin America & Caribbean,Upper middle income
236,Svalbard and Jan Mayen,Europe,0,0,0,0,0,0,0,0,0,0,0,0,0,0,0,0,4454,2579,4994,2415,8272,10147,12726,15141,0,0,0,0,0,0,0,0,,
237,Swaziland,Africa,8369,3354,5789,690,22957,8331,15870,3068,64407,32502,54765,34339,15148,10710,24914,22032,746843,487989,729806,348280,1151222,1228687,1317356,1457406,351624,350458,313716,337218,15074,12429,30564,25654,,
238,Sweden,Europe,2395,1119,1278,122,237109,62490,139975,37227,2383641,1550635,2426744,967004,12185,8515,38816,14069,3533400,2130319,3552578,1576529,16880713,17816711,19663541,20851885,10955470,11874211,13532444,14502130,251377,158482,533096,424079,Europe & Central Asia,High income
239,Switzerland,Europe,113,9,489,226,177974,33735,124828,41212,1617183,925031,1443958,581765,469,11020,2877,8726,2382258,1270527,2115015,937812,10555289,11487156,12675372,13407408,7582913,8563985,9685675,10406627,241937,239493,614016,498017,Europe & Central Asia,High income
240,Syrian Arab Republic,Asia,1024,3067,2475,110,372817,31036,683696,571046,4367128,970934,7257508,8696569,200300,2604,17429,79682,5736538,1301272,9751087,11026106,19668175,26985463,25108577,36076993,14557916,21620771,19741154,30100070,233315,1709210,1027401,1854351,Middle East & North Africa,Low income
241,São Tomé and Príncipe,Africa,0,0,0,0,905,45,753,510,63374,32515,73003,40537,0,0,0,0,75447,37200,82932,46229,144293,182929,218809,265037,116644,149932,182796,225957,349,2624,2778,3022,Sub-Saharan Africa,Lower middle income
242,"Taiwan, China",Asia,9932,3300,12512,5133,105093,31476,71013,18763,3363724,1696642,2757836,1223007,100344,127669,127487,193132,3868064,1962591,3183263,1417017,23993878,24983909,25809154,26063889,22740538,23710606,24446612,24688543,89550,77549,219109,158312,East Asia & Pacific,High income
243,Tajikistan,Asia,649,70,236,182,582848,191637,504871,104775,2809120,1681331,3414371,1868684,1294,6569,2766,6767,4397779,2558010,4983930,2456665,8056048,9783535,12246436,14664634,6204489,7898736,10128474,12398616,590531,419051,1218195,1126967,Europe & Central Asia,Lower middle income
244,Tanzania,Africa,41010,19743,20176,3570,5440464,1880388,7321590,2190890,12066073,8058785,17338047,10989854,127402,37957,140041,80716,35586477,21342162,42523909,22658554,34633402,45308607,61979011,82241917,14704547,21559038,33359923,50901600,4786164,6997842,8389321,13024384,Sub-Saharan Africa,Lower middle income
245,Thailand,Asia,104503,36821,214797,90641,2027116,560393,1542659,300424,12736153,7379810,12727242,6134096,1412400,1384484,1590298,2363852,21077276,11657176,20711233,10146486,65308628,70683456,74053652,74708012,34621718,40401152,44931040,47575873,1822104,1287939,3973090,3375922,East Asia & Pacific,Upper middle income
246,Timor-Leste,0,1187,1054,1121,437,63981,23724,55480,9997,237065,149598,291741,164242,7925,3515,6682,6581,504776,283522,522713,263274,884817,1096748,1309171,1504896,284255,429024,638114,819059,79687,38647,133350,126288,East Asia & Pacific,Lower middle income
247,Togo,Africa,591,204,0,24,393102,116380,446634,134205,2142211,1111993,2270358,1287373,6097,475,10233,0,3833855,2106244,4229415,2234203,4983089,6545128,8423471,10536069,3449576,4704762,5981639,7691667,303662,469837,634522,837662,Sub-Saharan Africa,Low income
248,Tokelau,Oceania,0,0,0,0,0,0,0,0,0,0,0,0,0,0,0,0,128,370,547,177,1347,1104,1474,1651,0,0,0,0,0,0,0,0,,
249,Tonga,Oceania,1,0,0,0,159,15,57,0,7966,1868,9727,7902,0,0,2932,0,12076,3005,14134,11131,106540,111861,109899,119355,64302,65338,66713,74427,328,0,697,370,East Asia & Pacific,Upper middle income
250,Trinidad and Tobago,North America,0,0,0,2,28119,13268,24329,3199,164535,97174,135989,52394,0,306,0,0,261429,160121,232980,85231,1353269,1432747,1541075,1570923,1182791,1249326,1349916,1372667,46884,17897,67690,68146,Latin America & Caribbean,High income
251,Tromelin Island,0,0,0,0,0,0,0,0,0,0,0,0,0,0,0,0,0,0,0,0,0,0,0,0,0,0,0,0,0,0,0,0,0,,
252,Tunisia,Africa,5169,678,1026,238,194877,28918,109340,34787,2646182,1483983,2415063,1012211,17122,20727,37219,29086,3510336,1837987,3169637,1428787,12186763,13418036,14981843,16140900,8002976,9212844,10716640,11789211,168760,194936,461624,377392,Middle East & North Africa,Lower middle income
253,Turkmenistan,Asia,3,0,0,37,205911,78924,168491,23918,1403705,841758,1497305,706418,0,406,389,0,2180183,1280829,2274486,1018796,5879333,6777450,8037455,9045706,4049883,4853187,5983473,6886412,302143,205810,542939,540628,Europe & Central Asia,Upper middle income
254,Turks and Caicos Islands,North America,0,594,879,28,30465,19836,25006,970,0,8522,9082,5546,763,291,0,1054,38840,36402,40598,9020,17157,27242,46417,50470,0,13351,36046,42434,23950,3963,36046,29483,Latin America & Caribbean,High income
255,Tuvalu,Oceania,0,0,0,0,3186,11,20,0,0,1929,3492,1572,0,0,0,0,3202,1940,3512,1572,9018,9698,9843,10389,0,4793,6759,8331,38,0,6759,47,East Asia & Pacific,Upper middle income
256,Türkiye,Asia,25793,3319,11391,5939,2325003,427536,1355923,410169,27356697,13607401,19500588,7429352,151754,143383,562603,238150,34036994,16581204,25541972,10405218,80745877,92258202,106119193,112137934,61345393,73818679,86883740,92086834,1468965,1354654,3946562,3073905,Europe & Central Asia,Upper middle income
257,Uganda,Africa,31152,22397,26277,5416,9913884,3934113,12208910,2831266,7507847,6209581,12492620,10368257,136098,41581,114394,100408,26715922,16168228,31502749,16859242,24097044,32437453,44498989,58485518,11273483,18065025,30976987,47256752,8393130,7479841,14246997,18888165,Sub-Saharan Africa,Low income
258,Ukraine,Europe,22868,3510,41213,28271,209909,40442,54245,26513,2656307,1326498,1195492,608325,250597,985971,723400,1114093,4448656,2134158,2703987,1765311,74093328,69242867,66552340,58039642,55339995,51370919,49178747,41676723,208912,54210,552207,159284,Europe & Central Asia,Upper middle income
259,United Arab Emirates,Asia,67,2790,5747,12,1194260,166455,308778,44210,4572453,1945257,2519319,676523,57418,734,94,47790,6543369,2521652,3447872,1004372,3572390,9213591,10114852,10889416,3145136,8433588,9118238,9747458,254050,151929,1400681,434455,Middle East & North Africa,High income
260,United Kingdom,Europe,1398,332,1757,2001,187688,40927,99914,26990,12879384,6705286,10332991,4008437,6915,71873,24190,41292,15366631,7781236,12496642,5425552,96504217,102873352,109874410,113323086,81975729,87860163,94510354,97810074,448108,231644,1006656,654159,Europe & Central Asia,High income
261,United States,North America,46461,14205,43422,25725,4467982,699603,1775852,529543,58210198,29673405,46709224,20056879,707792,800942,710734,1029437,80679259,37237692,63108507,30486430,359891611,395743513,426504115,446828706,252900142,284617375,314564178,332367825,4296697,3612430,12284104,7708849,North America,High income
262,Uruguay,South America,262,0,180,59,17908,2667,7094,1705,381883,180757,282978,122785,0,1374,6681,1026,472940,218213,353400,160678,3942924,4016483,4109337,4103503,3336378,3448524,3550640,3539584,18800,9503,50979,29402,Latin America & Caribbean,High income
263,Uzbekistan,Asia,0,54,0,0,1199509,410745,1111167,238344,7966432,4559145,8888003,4689491,2222,0,349,0,11739745,6701244,12857103,6281765,32816058,37642281,44073801,50342848,27222028,31887141,37668159,43609062,1444232,1262079,2896206,2959781,Europe & Central Asia,Lower middle income
264,Vanuatu,Oceania,0,0,0,0,4938,1312,5084,1231,39731,21622,49831,30004,0,0,0,0,120642,66702,146344,79896,193561,247342,314016,393536,44420,67345,93788,127734,4835,4173,9817,10699,East Asia & Pacific,Lower middle income
265,"Venezuela, RB",South America,679,467,285,87,415234,39754,171574,75790,4449400,1369257,3378372,2967624,40808,411,21698,7831,5571338,1643560,4284625,3642944,24755110,29096347,28857618,32435460,21655246,25775396,25546234,28753767,153413,293886,788726,454733,Latin America & Caribbean,
266,Vietnam,Asia,146968,36894,84255,31473,4346343,1331715,2981827,690079,24717730,11498533,19306822,10159741,392996,299496,715964,447470,34910461,16459004,27661022,13608304,82391671,90982836,100407355,106500363,69306503,77842788,86977756,93334718,3224773,2303400,6948193,5754154,East Asia & Pacific,Lower middle income
267,Virgin Islands (U.S.),North America,174,96,138,0,1014,365,352,0,6287,3991,3800,803,2308,0,2579,2164,12542,7655,8184,2146,113238,110970,104679,97215,89419,86192,78592,72403,1079,0,1690,1013,Latin America & Caribbean,High income
268,Wake Island,0,0,0,0,0,0,0,0,0,0,0,0,0,0,0,0,0,0,0,0,0,0,0,0,0,0,0,0,0,0,0,0,0,,
269,Wallis and Futuna,Oceania,0,0,0,0,0,0,0,0,0,0,0,0,0,0,0,0,99,22,19,0,14759,13190,11696,11268,0,0,0,0,0,0,0,0,,
270,West Bank and Gaza,0,0,0,0,0,108507,22367,89131,23692,1154375,698802,1491420,821355,0,0,0,0,1386514,791621,1717126,926309,2520981,3115654,3907110,4831672,2157813,2760126,3566578,4483625,107730,97148,254751,232992,Middle East & North Africa,Lower middle income
271,Western Sahara,0,0,0,0,0,6256,1573,6155,1078,277028,137194,236099,101592,0,0,0,0,312710,154570,269302,115042,290580,446403,599722,714278,248444,390095,539342,644918,12067,4084,14960,18752,,
272,"Yemen, Rep.",Asia,4556,2701,5197,3995,2251402,913695,2173283,444518,10277904,6358575,12286166,6764589,64308,26014,34699,36100,14651933,8584138,16334027,8104940,19169026,25439612,33172617,40993951,14512859,20395010,27941059,35690788,1783892,1246329,3554089,3528732,Middle East & North Africa,Low income
273,Zambia,Africa,1934,393,1349,284,873751,211025,762149,221399,4373946,2605173,5651814,3289140,9409,12458,15665,11873,10076667,5722632,11886981,6428579,10176409,14179804,19459084,25376163,4896933,7318472,10365265,14126353,542201,582590,1302146,1308465,Sub-Saharan Africa,Lower middle income
274,Zimbabwe,Africa,12475,3773,4193,470,491316,204167,383929,60742,1026425,741754,1290789,970721,28504,8524,56218,22888,9009330,6086757,10146867,5115369,12497034,13559017,16541412,20246303,5061681,5332180,5566671,6632051,318450,208300,610541,567782,Sub-Saharan Africa,Lower middle income
